name,datetime,tempmax,tempmin,temp,feelslikemax,feelslikemin,feelslike,dew,humidity,precip,precipprob,precipcover,preciptype,snow,snowdepth,windgust,windspeed,winddir,sealevelpressure,cloudcover,visibility,solarradiation,solarenergy,uvindex,severerisk,sunrise,sunset,moonphase,conditions,description,icon,stations
Hanoi,2025-01-01,25,12,17.9,25,12,17.9,12.5,73.6,0,0,0,,0,0,17.6,13,115.7,1017.3,14.6,5,193,16.7,7,10,2025-01-01T06:33:47,2025-01-01T17:26:41,0.05,Clear,Clear conditions throughout the day.,clear-day,"48820099999,48823099999,48825099999,48831099999,VVNB"
Hanoi,2025-01-02,24.5,14.7,19.4,24.5,14.7,19.4,13.6,71.3,0,0,0,,0,0,16.2,9.4,27,1018.4,23.8,5,189.6,16.3,7,10,2025-01-02T06:34:06,2025-01-02T17:27:19,0.08,Partially cloudy,Becoming cloudy in the afternoon.,partly-cloudy-day,"48820099999,48823099999,48825099999,48831099999,VVNB"
Hanoi,2025-01-03,26,15,20.2,26,15,20.2,12.4,64.2,0,0,0,,0,0,26.6,13,43.1,1019.8,12.9,7,190.7,16.4,7,10,2025-01-03T06:34:23,2025-01-03T17:27:57,0.12,Clear,Clear conditions throughout the day.,clear-day,"48820099999,48823099999,48825099999,48831099999,VVNB"
Hanoi,2025-01-04,24,13,18.8,24,13,18.8,11.9,66.1,0,0,0,,0,0,24.5,14.8,132.1,1018.9,15.5,6.8,168,14.6,7,10,2025-01-04T06:34:40,2025-01-04T17:28:36,0.15,Clear,Clear conditions throughout the day.,clear-day,"48820099999,48823099999,48825099999,48831099999,VVNB"
Hanoi,2025-01-05,24.4,14.1,19,24.4,14.1,19,11.1,63.6,0,0,0,,0,0,25.9,11.2,295.9,1020.4,17.3,6.8,195.8,16.8,7,10,2025-01-05T06:34:55,2025-01-05T17:29:15,0.19,Clear,Clear conditions throughout the day.,clear-day,"48820099999,48823099999,48825099999,48831099999,VVNB"
Hanoi,2025-01-06,24,13,18.6,24,13,18.6,10.8,63.3,0,0,0,,0,0,22,16.6,101.1,1017.8,14.5,6.3,199.7,17.1,7,10,2025-01-06T06:35:09,2025-01-06T17:29:54,0.22,Clear,Clear conditions throughout the day.,clear-day,"48820099999,48823099999,48825099999,48831099999,VVNB"
Hanoi,2025-01-07,23,13,18.3,23,13,18.3,13.4,74.5,0,0,0,rain,0,0,22.3,11.2,110,1017.3,37.3,5.4,127.7,11.2,6,10,2025-01-07T06:35:22,2025-01-07T17:30:34,0.25,Partially cloudy,Partly cloudy throughout the day.,partly-cloudy-day,"48820099999,48823099999,48825099999,48831099999,VVNB"
Hanoi,2025-01-08,24,17,20.1,24,17,20.1,15.4,75.3,0.6,100,20.83,rain,0,0,22.7,16.6,110.5,1018,70.1,7.2,102.1,8.9,4,10,2025-01-08T06:35:33,2025-01-08T17:31:14,0.3,"Rain, Partially cloudy",Partly cloudy throughout the day with rain in the morning and afternoon.,rain,"48820099999,48823099999,48825099999,48831099999,VVNB"
Hanoi,2025-01-09,23,17,19.5,23,17,19.5,11.2,60.3,0,0,0,,0,0,38.2,20.5,47,1021.3,74.6,8.3,74.2,6.5,3,10,2025-01-09T06:35:43,2025-01-09T17:31:54,0.33,Partially cloudy,Partly cloudy throughout the day.,partly-cloudy-day,"48820099999,48823099999,48825099999,48831099999,VVNB"
Hanoi,2025-01-10,18,15,16.5,18,15,16.5,6.5,51.7,0,0,0,,0,0,31.7,20.5,23.1,1027.9,88.3,10,103.6,8.8,5,10,2025-01-10T06:35:52,2025-01-10T17:32:34,0.37,Partially cloudy,Partly cloudy throughout the day.,partly-cloudy-day,"48820099999,48823099999,48825099999,48831099999,VVNB"
Hanoi,2025-01-11,19,12,15.6,19,12,15.6,5.3,50.8,0,0,0,,0,0,33.5,22.3,12.6,1030.4,66.5,9.9,94.6,8,3,10,2025-01-11T06:36:00,2025-01-11T17:33:15,0.4,Partially cloudy,Partly cloudy throughout the day.,partly-cloudy-day,"48820099999,48823099999,48825099999,48831099999,VVNB"
Hanoi,2025-01-12,21,8.9,14.5,21,8.9,14.5,3.3,53.1,0,0,0,,0,0,26.6,16.6,41.3,1026.9,24.1,10.4,211,18.3,8,10,2025-01-12T06:36:06,2025-01-12T17:33:55,0.44,Partially cloudy,Becoming cloudy in the afternoon.,partly-cloudy-day,"48820099999,48823099999,48825099999,48831099999,VVNB"
Hanoi,2025-01-13,21.1,7.1,15,21.1,7.1,14.9,6.5,60.4,0,0,0,,0,0,24.1,9.4,117,1022,10.2,8.7,211.5,18.2,8,10,2025-01-13T06:36:11,2025-01-13T17:34:36,0.47,Clear,Clear conditions throughout the day.,clear-day,"48820099999,48823099999,48825099999,48831099999,VVNB"
Hanoi,2025-01-14,22.1,12,16.4,22.1,12,16.4,10.9,72.2,0,0,0,,0,0,17.6,11.2,67,1021.1,28.4,7.4,200.4,17.1,8,10,2025-01-14T06:36:15,2025-01-14T17:35:17,0.5,Partially cloudy,Partly cloudy throughout the day.,partly-cloudy-day,"48820099999,48823099999,48825099999,48831099999,VVNB"
Hanoi,2025-01-15,24.1,15,19.5,24.1,15,19.5,10.7,60.2,0.002,100,4.17,rain,0,0,30.6,16.6,57.9,1024.2,49.1,7.9,75.6,6.4,3,10,2025-01-15T06:36:17,2025-01-15T17:35:58,0.54,"Rain, Partially cloudy",Partly cloudy throughout the day with late afternoon rain.,rain,"48820099999,48823099999,48825099999,48831099999,VVNB"
Hanoi,2025-01-16,23.4,13,18.7,23.4,13,18.7,7.6,51.2,0,0,0,,0,0,26.6,20.5,37.9,1024.7,20.7,8.9,168.1,14.6,6,10,2025-01-16T06:36:19,2025-01-16T17:36:38,0.57,Partially cloudy,Partly cloudy throughout the day.,partly-cloudy-day,"48820099999,48823099999,48825099999,48831099999,VVNB"
Hanoi,2025-01-17,22,11.8,17.4,22,11.8,17.4,10.4,66.7,0,0,0,,0,0,30.6,18.4,119,1021,6.3,7.2,210.9,18.2,8,10,2025-01-17T06:36:18,2025-01-17T17:37:19,0.6,Clear,Clear conditions throughout the day.,clear-day,"48820099999,48823099999,48825099999,48831099999,VVNB"
Hanoi,2025-01-18,18,13,16,18,13,16,11,72.8,0,0,0,,0,0,21.2,14.8,344.1,1019.1,64.3,6.4,112.8,9.5,5,10,2025-01-18T06:36:17,2025-01-18T17:38:00,0.64,Partially cloudy,Partly cloudy throughout the day.,partly-cloudy-day,"48820099999,48823099999,48825099999,48831099999,VVNB"
Hanoi,2025-01-19,23,15.7,18.3,23,15.7,18.3,11.6,66.5,0,0,0,,0,0,19.1,13,266.2,1017.1,38.8,6.3,183.6,15.9,7,10,2025-01-19T06:36:14,2025-01-19T17:38:40,0.67,Partially cloudy,Partly cloudy throughout the day.,partly-cloudy-day,"48820099999,48823099999,48825099999,48831099999,VVNB"
Hanoi,2025-01-20,24,15,19.1,24,15,19.1,11.5,63.3,0,0,0,,0,0,19.4,11.2,88,1015.5,19.3,6,203.7,17.6,7,10,2025-01-20T06:36:09,2025-01-20T17:39:21,0.7,Clear,Clear conditions throughout the day.,clear-day,"48820099999,48823099999,48825099999,48831099999,VVNB"
Hanoi,2025-01-21,25,14,19.3,25,14,19.3,12.1,66.4,0,0,0,,0,0,29.2,18.4,121.5,1014.9,8,7.3,208.8,18.1,8,10,2025-01-21T06:36:04,2025-01-21T17:40:01,0.73,Clear,Clear conditions throughout the day.,clear-day,"48820099999,48823099999,48825099999,48831099999,VVNB"
Hanoi,2025-01-22,22.2,16,18.9,22.2,16,18.9,15.5,81.2,0.3,100,12.5,rain,0,0,18.4,14.8,98.2,1015.3,78.1,5.2,66.2,5.7,3,10,2025-01-22T06:35:57,2025-01-22T17:40:41,0.75,"Rain, Partially cloudy",Partly cloudy throughout the day with rain.,rain,"48820099999,48823099999,48825099999,48831099999,VVNB"
Hanoi,2025-01-23,22.5,18,19.9,22.5,18,19.9,16.9,83.1,0,0,0,rain,0,0,25.2,20.5,119.3,1014.4,85,6.4,71.7,6.2,3,10,2025-01-23T06:35:49,2025-01-23T17:41:21,0.8,Partially cloudy,Partly cloudy throughout the day.,partly-cloudy-day,"48820099999,48823099999,48825099999,48831099999,VVNB"
Hanoi,2025-01-24,24.1,18,20.5,24.1,18,20.5,18.3,87.4,0.098,100,4.17,rain,0,0,29.2,20.5,114,1011.2,88.4,5.6,100.6,8.7,5,10,2025-01-24T06:35:39,2025-01-24T17:42:00,0.83,"Rain, Partially cloudy",Partly cloudy throughout the day with late afternoon rain.,rain,"48820099999,48823099999,48825099999,48831099999,VVNB"
Hanoi,2025-01-25,24,20,21.8,24,20,21.8,19.3,86.1,1.376,100,4.17,rain,0,0,29.5,20.5,121.5,1012.7,93.3,7.6,60.7,5.3,3,10,2025-01-25T06:35:28,2025-01-25T17:42:40,0.86,"Rain, Overcast",Cloudy skies throughout the day with late afternoon rain.,rain,"48820099999,48823099999,48825099999,48831099999,VVNB"
Hanoi,2025-01-26,21,14,16.1,21,14,16.1,9.7,67,2.146,100,12.5,rain,0,0,49,38.9,17.5,1023.3,98.2,9.4,25,2,1,10,2025-01-26T06:35:16,2025-01-26T17:43:19,0.89,"Rain, Overcast",Cloudy skies throughout the day with rain.,rain,"48820099999,48823099999,48825099999,48831099999,VVNB"
Hanoi,2025-01-27,19,14,15.6,19,14,15.6,3,44.2,0,0,0,,0,0,23.8,22.3,12.8,1023.7,73.6,10,89.9,7.8,5,10,2025-01-27T06:35:02,2025-01-27T17:43:57,0.93,Partially cloudy,Partly cloudy throughout the day.,partly-cloudy-day,"48820099999,48823099999,48825099999,48831099999,VVNB"
Hanoi,2025-01-28,17.4,12,14.5,17.4,12,14.5,3.3,47.9,0,0,0,,0,0,26.6,20.5,23.6,1025,51.4,10,151.1,13.2,6,10,2025-01-28T06:34:48,2025-01-28T17:44:36,0.96,Partially cloudy,Partly cloudy throughout the day.,partly-cloudy-day,"48820099999,48823099999,48825099999,48831099999,VVNB"
Hanoi,2025-01-29,19,11,14.3,19,11,14.3,6,59.3,0,0,0,,0,0,22.7,11.2,338.7,1023.4,28.8,9.2,185.5,16,7,10,2025-01-29T06:34:32,2025-01-29T17:45:14,0,Partially cloudy,Partly cloudy throughout the day.,partly-cloudy-day,"48820099999,48823099999,48825099999,48831099999,VVNB"
Hanoi,2025-01-30,23,10.5,17,23,10.5,17,10.3,66.3,0,0,0,,0,0,35.3,18.4,128,1016.3,61.9,10.5,145.4,12.4,6,10,2025-01-30T06:34:14,2025-01-30T17:45:52,0.02,Partially cloudy,Partly cloudy throughout the day.,partly-cloudy-day,"48820099999,48823099999,48825099999,48831099999,VVNB"
Hanoi,2025-01-31,25,17.9,20.5,25,17.9,20.5,16.8,80.3,0.1,100,4.17,rain,0,0,33.5,20.5,123.6,1012.5,85.2,8.8,106.7,9.3,4,10,2025-01-31T06:33:56,2025-01-31T17:46:29,0.06,"Rain, Partially cloudy",Partly cloudy throughout the day with morning rain.,rain,"48820099999,48823099999,48825099999,48831099999,VVNB"
Hanoi,2025-02-01,24,18.7,20.5,24,18.7,20.5,18.2,86.9,2.555,100,8.33,rain,0,0,31.3,18.4,123.1,1010.8,94.8,7.6,94.7,8,4,10,2025-02-01T06:33:36,2025-02-01T17:47:06,0.1,"Rain, Overcast",Cloudy skies throughout the day with rain in the morning and afternoon.,rain,"48820099999,48823099999,48825099999,48831099999,VVNB"
Hanoi,2025-02-02,24,19.9,21.5,24,19.9,21.5,17.9,80.5,0.9,100,25,rain,0,0,31,18.4,130.7,1012,95.3,9.9,63.2,5.6,3,10,2025-02-02T06:33:15,2025-02-02T17:47:42,0.13,"Rain, Overcast",Cloudy skies throughout the day with a chance of rain throughout the day.,rain,"48820099999,48823099999,48825099999,48831099999,VVNB"
Hanoi,2025-02-03,20,15,17,20,15,17,10.4,65.9,0.002,100,4.17,rain,0,0,31.7,27.7,35.2,1020,99.2,10,30.2,2.8,1,10,2025-02-03T06:32:52,2025-02-03T17:48:18,0.17,"Rain, Overcast",Cloudy skies throughout the day with morning rain.,rain,"48820099999,48823099999,48825099999,48831099999,VVNB"
Hanoi,2025-02-04,20,15,17,20,15,17,6.2,49.7,0,0,0,,0,0,25.9,18.4,78.3,1021.8,76.7,10.7,112.6,9.7,5,10,2025-02-04T06:32:29,2025-02-04T17:48:54,0.2,Partially cloudy,Partly cloudy throughout the day.,partly-cloudy-day,"48820099999,48823099999,48825099999,48831099999,VVNB"
Hanoi,2025-02-05,19,15,16.7,19,15,16.7,11.4,70.9,0,0,0,,0,0,19.8,18.4,107,1017,86.2,9,84,7.3,3,10,2025-02-05T06:32:04,2025-02-05T17:49:29,0.25,Partially cloudy,Partly cloudy throughout the day.,partly-cloudy-day,"48820099999,48823099999,48825099999,48831099999,VVNB"
Hanoi,2025-02-06,16.4,14,15.3,16.4,14,15.3,14.4,93.9,1.781,100,4.17,rain,0,0,19.4,13.1,51.9,1015.6,100,4.6,40.8,3.6,2,10,2025-02-06T06:31:38,2025-02-06T17:50:04,0.27,"Rain, Overcast",Cloudy skies throughout the day with late afternoon rain.,rain,"48820099999,48823099999,48825099999,48831099999,VVNB"
Hanoi,2025-02-07,17,13,14.5,17,13,14.5,10.2,76.6,2.652,100,4.17,rain,0,0,27,18.4,27.7,1021.7,100,9.1,36.9,3.3,2,10,2025-02-07T06:31:11,2025-02-07T17:50:38,0.31,"Rain, Overcast",Cloudy skies throughout the day with late afternoon rain.,rain,"48820099999,48823099999,48825099999,48831099999,VVNB"
Hanoi,2025-02-08,16,13,14.3,16,13,14.3,7.5,63.9,0.002,100,4.17,rain,0,0,27,20.5,36.9,1025,98.7,10,42.4,3.6,2,10,2025-02-08T06:30:43,2025-02-08T17:51:12,0.34,"Rain, Overcast",Cloudy skies throughout the day with late afternoon rain.,rain,"48820099999,48823099999,48825099999,48831099999,VVNB"
Hanoi,2025-02-09,17.4,12.7,14.6,17.4,12.7,14.6,5.8,55.8,0.002,100,4.17,rain,0,0,21.2,16.6,54.4,1023.6,87.5,10,95.2,8.2,4,10,2025-02-09T06:30:13,2025-02-09T17:51:45,0.38,"Rain, Partially cloudy",Partly cloudy throughout the day with late afternoon rain.,rain,"48820099999,48823099999,48825099999,48831099999,VVNB"
Hanoi,2025-02-10,18,13,15.4,18,13,15.4,8.5,64.4,0,0,0,,0,0,15.8,11.2,62.1,1020.4,90.1,8.7,142.5,12.3,7,10,2025-02-10T06:29:43,2025-02-10T17:52:18,0.42,Overcast,Cloudy skies throughout the day.,cloudy,"48820099999,48823099999,48825099999,48831099999,VVNB"
Hanoi,2025-02-11,23.5,15,18.4,23.5,15,18.4,13.1,72.1,0,0,0,rain,0,0,26.3,16.6,136.2,1017,89.6,7,109.4,9.3,4,10,2025-02-11T06:29:11,2025-02-11T17:52:50,0.45,Partially cloudy,Partly cloudy throughout the day.,partly-cloudy-day,"48820099999,48823099999,48825099999,48831099999,VVNB"
Hanoi,2025-02-12,22,16,19.1,22,16,19.1,16.1,83.1,0.1,100,4.17,rain,0,0,15.1,13,306.7,1016.8,83.8,5.3,91.1,7.9,4,10,2025-02-12T06:28:39,2025-02-12T17:53:22,0.5,"Rain, Partially cloudy",Partly cloudy throughout the day with late afternoon rain.,rain,"48820099999,48823099999,48825099999,48831099999,VVNB"
Hanoi,2025-02-13,22.4,18,19.4,22.4,18,19.4,15.7,79.8,1.3,100,16.67,rain,0,0,29.5,18.4,30.2,1017.5,67.1,7.7,82.9,7.2,5,10,2025-02-13T06:28:05,2025-02-13T17:53:53,0.52,"Rain, Partially cloudy",Partly cloudy throughout the day with rain clearing later.,rain,"48820099999,48823099999,48825099999,48831099999,VVNB"
Hanoi,2025-02-14,22,18,19.9,22,18,19.9,16.8,82.5,0.003,100,4.17,rain,0,0,22.7,16.6,115.2,1015.4,92.8,7.2,65.9,5.8,3,10,2025-02-14T06:27:31,2025-02-14T17:54:24,0.55,"Rain, Overcast",Cloudy skies throughout the day with late afternoon rain.,rain,"48820099999,48823099999,48825099999,48831099999,VVNB"
Hanoi,2025-02-15,23,19,20.6,23,19,20.6,18.9,90.1,0.103,100,8.33,rain,0,0,26.3,20.5,121.9,1013.2,94.5,4.4,59.7,5.2,3,10,2025-02-15T06:26:55,2025-02-15T17:54:54,0.59,"Rain, Overcast",Cloudy skies throughout the day with rain.,rain,"48820099999,48823099999,48825099999,48831099999,VVNB"
Hanoi,2025-02-16,21,15,16.8,21,15,16.8,15.3,90.8,5.151,100,8.33,rain,0,0,23,22.3,43.1,1016.8,98.1,8,32.1,2.8,1,10,2025-02-16T06:26:18,2025-02-16T17:55:24,0.62,"Rain, Overcast",Cloudy skies throughout the day with rain.,rain,"48820099999,48823099999,48825099999,48831099999,VVNB"
Hanoi,2025-02-17,17.4,15,16,17.4,15,16,14.5,90.8,1.872,100,8.33,rain,0,0,15.1,14.8,23.2,1019.3,99,6.5,80.3,6.9,4,10,2025-02-17T06:25:41,2025-02-17T17:55:54,0.65,"Rain, Overcast",Cloudy skies throughout the day with rain.,rain,"48820099999,48823099999,48825099999,48831099999,VVNB"
Hanoi,2025-02-18,16.4,15,15.4,16.4,15,15.4,14.3,93.3,4.948,100,4.17,rain,0,0,19.1,14.8,28.3,1020.3,100,7,39.3,3.2,2,10,2025-02-18T06:25:02,2025-02-18T17:56:23,0.68,"Rain, Overcast",Cloudy skies throughout the day with afternoon rain.,rain,"48820099999,48823099999,48825099999,48831099999,VVNB"
Hanoi,2025-02-19,16.8,15,15.7,16.8,15,15.7,14.9,95.4,0.595,100,4.17,rain,0,0,14,9.4,37.2,1019,98.2,4,41.8,3.6,2,10,2025-02-19T06:24:23,2025-02-19T17:56:51,0.71,"Rain, Overcast",Cloudy skies throughout the day with late afternoon rain.,rain,"48820099999,48823099999,48825099999,48831099999,VVNB"
Hanoi,2025-02-20,21,16,18.4,21,16,18.4,17.4,93.8,0.677,100,8.33,rain,0,0,23.4,11.2,107.5,1018.6,94.9,3.2,81.1,7,4,10,2025-02-20T06:23:43,2025-02-20T17:57:19,0.75,"Rain, Overcast",Cloudy skies throughout the day with rain.,rain,"48820099999,48823099999,48825099999,48831099999,VVNB"
Hanoi,2025-02-21,21.2,17,18.9,21.2,17,18.9,17.5,91.6,1.572,100,4.17,rain,0,0,21.2,16.6,61.2,1019.6,92.7,5.5,41.9,3.7,1,10,2025-02-21T06:23:02,2025-02-21T17:57:46,0.75,"Rain, Overcast",Cloudy skies throughout the day with late afternoon rain.,rain,"48820099999,48823099999,48825099999,48831099999,VVNB"
Hanoi,2025-02-22,19.1,16,18,19.1,16,18,16.7,92.5,4.227,100,4.17,rain,0,0,18.4,16.6,69.9,1020.3,94.9,5.1,48.1,4.2,2,10,2025-02-22T06:22:20,2025-02-22T17:58:13,0.81,"Rain, Overcast",Cloudy skies throughout the day with late afternoon rain.,rain,"48820099999,48823099999,48825099999,48831099999,VVNB"
Hanoi,2025-02-23,18.4,14,16.3,18.4,14,16.3,14.1,87.1,5.032,100,4.17,rain,0,0,27.7,24.1,36.8,1024.6,99.5,7.7,40.9,3.4,2,10,2025-02-23T06:21:37,2025-02-23T17:58:40,0.84,"Rain, Overcast",Cloudy skies throughout the day with late afternoon rain.,rain,"48820099999,48823099999,48825099999,48831099999,VVNB"
Hanoi,2025-02-24,14.4,12,13.6,14.4,12,13.6,10.9,84.1,1.188,100,4.17,rain,0,0,21.6,16.6,21.1,1027.7,100,9.2,41.8,3.6,2,10,2025-02-24T06:20:54,2025-02-24T17:59:06,0.88,"Rain, Overcast",Cloudy skies throughout the day with late afternoon rain.,rain,"48820099999,48823099999,48825099999,48831099999,VVNB"
Hanoi,2025-02-25,15,13,13.8,15,13,13.8,12.6,92.3,11.391,100,4.17,rain,0,0,15.1,9.4,19.1,1025.8,97.5,7.4,34,3,1,10,2025-02-25T06:20:09,2025-02-25T17:59:31,0.91,"Rain, Overcast",Cloudy skies throughout the day with late afternoon rain.,rain,"48820099999,48823099999,48825099999,48831099999,VVNB"
Hanoi,2025-02-26,17.4,13,14.9,17.4,13,14.9,13,88.8,1.221,100,12.5,rain,0,0,15.8,13,44.2,1022.8,97.8,8.2,53.5,4.7,2,10,2025-02-26T06:19:24,2025-02-26T17:59:56,0.94,"Rain, Overcast",Cloudy skies throughout the day with rain.,rain,"48820099999,48823099999,48825099999,48831099999,VVNB"
Hanoi,2025-02-27,21,15,18.1,21,15,18.1,15.7,86.4,0,0,0,,0,0,24.8,16.6,114.6,1017.3,95.1,5.2,125.2,10.7,5,10,2025-02-27T06:18:39,2025-02-27T18:00:21,0.97,Overcast,Cloudy skies throughout the day.,cloudy,"48820099999,48823099999,48825099999,48831099999,VVNB,remote"
Hanoi,2025-02-28,23.1,18,20.4,23.1,18,20.4,17.9,86.1,0,0,0,rain,0,0,31,16.6,131.8,1015,98.7,5.4,123.1,10.6,4,10,2025-02-28T06:17:53,2025-02-28T18:00:46,0,Overcast,Cloudy skies throughout the day.,cloudy,"48820099999,48823099999,48825099999,48831099999,VVNB"
Hanoi,2025-03-01,25.1,20,21.5,25.1,20,21.5,19.9,90.9,0.59,100,4.17,rain,0,0,35.3,16.6,129.4,1011.5,94.5,6.5,139,12,6,5,2025-03-01T06:17:06,2025-03-01T18:01:09,0.04,"Rain, Overcast",Cloudy skies throughout the day with afternoon rain.,rain,"48820099999,48823099999,48825099999,48831099999,VVNB,remote"
Hanoi,2025-03-02,24.5,20,22.1,24.5,20,22.1,21,93.4,1.182,100,8.33,rain,0,0,31.3,16.6,113.5,1009.6,98.1,5.2,146.4,12.6,6,10,2025-03-02T06:16:18,2025-03-02T18:01:33,0.08,"Rain, Overcast",Cloudy skies throughout the day with rain.,rain,"48820099999,48823099999,48825099999,48831099999,VVNB"
Hanoi,2025-03-03,27,21.7,23.8,29.2,21.7,23.9,21.9,89.7,0.205,100,12.5,rain,0,0,22,16.6,116,1008.6,96.4,6.7,163,14.1,7,5,2025-03-03T06:15:30,2025-03-03T18:01:56,0.11,"Rain, Overcast",Cloudy skies throughout the day with rain.,rain,"48820099999,48823099999,48825099999,48831099999,VVNB"
Hanoi,2025-03-04,29,22.6,24.9,32,22.6,25.5,22.2,85.8,0.101,100,8.33,rain,0,0,29.2,18.4,126.4,1007.1,90.9,7.3,171.8,14.8,6,10,2025-03-04T06:14:41,2025-03-04T18:02:19,0.15,"Rain, Overcast",Cloudy skies throughout the day with rain.,rain,"48820099999,48823099999,48825099999,48831099999,VVNB"
Hanoi,2025-03-05,28,21,23.9,30.7,21,24.1,21.4,86.1,0.103,100,8.33,rain,0,0,30.6,22.3,119,1008.9,97.9,6.3,72.2,6.2,3,10,2025-03-05T06:13:52,2025-03-05T18:02:41,0.18,"Rain, Overcast",Cloudy skies throughout the day with rain.,rain,"48820099999,48823099999,48825099999,48831099999,VVNB"
Hanoi,2025-03-06,20,15,17.3,20,15,17.3,10.5,64.8,0.6,100,12.5,rain,0,0,32,27.7,58.7,1019,99.9,9.9,45.8,4,2,10,2025-03-06T06:13:02,2025-03-06T18:03:03,0.25,"Rain, Overcast",Cloudy skies throughout the day with rain.,rain,"48820099999,48823099999,48825099999,48831099999,VVNB"
Hanoi,2025-03-07,19,15,16.8,19,15,16.8,7.6,54.9,0.4,100,16.67,rain,0,0,24.1,14.8,50.2,1021.3,93.4,10,59.9,5.2,3,10,2025-03-07T06:12:12,2025-03-07T18:03:25,0.25,"Rain, Overcast",Cloudy skies throughout the day with early morning rain.,rain,"48820099999,48823099999,48825099999,48831099999,VVNB"
Hanoi,2025-03-08,18.2,14.3,16.3,18.2,14.3,16.3,10.9,70.8,0.012,100,8.33,rain,0,0,16.9,9.4,65.9,1020.3,86.7,9.4,91.4,7.8,4,10,2025-03-08T06:11:21,2025-03-08T18:03:47,0.29,"Rain, Partially cloudy",Partly cloudy throughout the day with rain in the morning and afternoon.,rain,"48820099999,48823099999,48825099999,48831099999,VVNB"
Hanoi,2025-03-09,21.1,16,18.4,21.1,16,18.4,14.9,80.4,0.005,100,4.17,rain,0,0,17.6,11.2,91.4,1020.4,90.9,5.6,64,5.6,3,10,2025-03-09T06:10:30,2025-03-09T18:04:08,0.32,"Rain, Overcast",Cloudy skies throughout the day with afternoon rain.,rain,"48820099999,48823099999,48825099999,48831099999,VVNB"
Hanoi,2025-03-10,22.1,18,19.9,22.1,18,19.9,17.8,88.4,0.4,100,12.5,rain,0,0,20.5,13,124.4,1019.1,96,4.1,86.8,7.4,4,10,2025-03-10T06:09:39,2025-03-10T18:04:28,0.36,"Rain, Overcast",Cloudy skies throughout the day with a chance of rain throughout the day.,rain,"48820099999,48823099999,48825099999,48831099999,VVNB"
Hanoi,2025-03-11,24.7,19.4,21.7,24.7,19.4,21.7,19.1,85.3,0.3,100,12.5,rain,0,0,28.4,18.4,124.5,1014.5,90.7,5.1,100.3,8.6,3,10,2025-03-11T06:08:47,2025-03-11T18:04:49,0.39,"Rain, Overcast",Cloudy skies throughout the day with afternoon rain.,rain,"48820099999,48823099999,48825099999,48831099999,VVNB"
Hanoi,2025-03-12,26,20.7,22.4,26,20.7,22.4,20.8,91.5,0.117,100,4.17,rain,0,0,30.2,20.5,122.8,1011.4,96.6,5,98.8,8.4,4,5,2025-03-12T06:07:54,2025-03-12T18:05:09,0.43,"Rain, Overcast",Cloudy skies throughout the day with late afternoon rain.,rain,"48820099999,48823099999,48825099999,48831099999,VVNB"
Hanoi,2025-03-13,24,22,22.9,24,22,22.9,22.1,94.9,1.609,100,4.17,rain,0,0,34.6,18.4,122.6,1011.2,98.4,4.7,72.8,6.3,3,30,2025-03-13T06:07:02,2025-03-13T18:05:29,0.46,"Rain, Overcast",Cloudy skies throughout the day with late afternoon rain.,rain,"48820099999,48823099999,48825099999,48831099999,VVNB"
Hanoi,2025-03-14,27.8,22.7,24.7,31.3,22.7,25.2,22.6,88.6,0.112,100,4.17,rain,0,0,28.8,22.3,122.6,1010.8,92.4,6.7,102.3,8.8,3,30,2025-03-14T06:06:09,2025-03-14T18:05:49,0.5,"Rain, Overcast",Cloudy skies throughout the day with late afternoon rain.,rain,"48820099999,48823099999,48825099999,48831099999,VVNB"
Hanoi,2025-03-15,27.4,21.7,24.5,30.4,21.7,25,21.6,84,0.1,100,4.17,rain,0,0,35.6,29.5,91.4,1012.7,92.7,6.9,65.1,5.7,3,10,2025-03-15T06:05:16,2025-03-15T18:06:09,0.53,"Rain, Overcast",Cloudy skies throughout the day with late afternoon rain.,rain,"48820099999,48823099999,48825099999,48831099999,VVNB"
Hanoi,2025-03-16,22,18,20.2,22,18,20.2,11.2,56.6,10.923,100,8.33,rain,0,0,27.4,22.3,46.7,1019.3,73.8,10.1,102.7,9,5,10,2025-03-16T06:04:22,2025-03-16T18:06:28,0.56,"Rain, Partially cloudy",Partly cloudy throughout the day with rain.,rain,"48820099999,48823099999,48825099999,48831099999,VVNB"
Hanoi,2025-03-17,20,17,18.1,20,17,18.1,10.7,63,0.098,100,4.17,rain,0,0,23.4,13,83.7,1020.5,88.7,10,110.9,9.7,5,10,2025-03-17T06:03:29,2025-03-17T18:06:47,0.6,"Rain, Partially cloudy",Partly cloudy throughout the day with late afternoon rain.,rain,"48820099999,48823099999,48825099999,48831099999,VVNB"
Hanoi,2025-03-18,20,16,18.2,20,16,18.2,9.2,56.1,0,0,0,,0,0,26.3,14.8,15.6,1023.9,88.7,10,92.1,7.9,3,10,2025-03-18T06:02:35,2025-03-18T18:07:06,0.63,Partially cloudy,Partly cloudy throughout the day.,partly-cloudy-day,"48820099999,48823099999,48825099999,48831099999,VVNB"
Hanoi,2025-03-19,22.6,16,19.4,22.6,16,19.4,8.8,51.7,0,0,0,,0,0,28.8,18.4,333.1,1025.6,78.8,10.1,251.9,21.7,9,10,2025-03-19T06:01:41,2025-03-19T18:07:25,0.66,Partially cloudy,Partly cloudy throughout the day.,partly-cloudy-day,"48820099999,48823099999,48825099999,48831099999,VVNB"
Hanoi,2025-03-20,26,17,21,26,17,21,9.4,50.3,0,0,0,,0,0,22.7,11.2,306.8,1024,36.7,9.9,277.5,24.1,9,10,2025-03-20T06:00:47,2025-03-20T18:07:44,0.7,Partially cloudy,Partly cloudy throughout the day.,partly-cloudy-day,"48820099999,48823099999,48825099999,48831099999,VVNB"
Hanoi,2025-03-21,27,14.8,21.3,26.4,14.8,21.2,9.8,50.8,0,0,0,,0,0,24.1,16.6,133.6,1021.9,9.2,8.8,281.6,24.3,9,10,2025-03-21T05:59:53,2025-03-21T18:08:03,0.73,Clear,Clear conditions throughout the day.,clear-day,"48820099999,48823099999,48825099999,48831099999,VVNB"
Hanoi,2025-03-22,27,16,21.7,27,16,21.7,12.9,59.8,0,0,0,,0,0,23.8,14.8,109.9,1019.5,3.7,9.2,283.5,24.5,9,10,2025-03-22T05:58:59,2025-03-22T18:08:21,0.75,Clear,Clear conditions throughout the day.,clear-day,"48820099999,48823099999,48825099999,48831099999,VVNB"
Hanoi,2025-03-23,28,18,22.2,28,18,22.3,17,74.3,0,0,0,,0,0,28.8,18.4,131.3,1016.7,46.9,7.6,276.9,23.9,9,10,2025-03-23T05:58:04,2025-03-23T18:08:40,0.79,Partially cloudy,Partly cloudy throughout the day.,partly-cloudy-day,"48820099999,48823099999,48825099999,48831099999,VVNB"
Hanoi,2025-03-24,30,19,23.8,30.8,19,24.1,18.3,73.2,0,0,0,,0,0,28.8,18.4,123.9,1013.2,16.4,6.5,266.4,22.9,9,10,2025-03-24T05:57:10,2025-03-24T18:08:58,0.83,Clear,Clear conditions throughout the day.,clear-day,"48820099999,48823099999,48825099999,48831099999,VVNB"
Hanoi,2025-03-25,27.3,20,23.5,29.1,20,23.8,19.5,79.1,0,0,0,,0,0,30.2,16.6,112,1008.1,49.7,6.1,235.3,20.4,9,10,2025-03-25T05:56:15,2025-03-25T18:09:16,0.86,Partially cloudy,Partly cloudy throughout the day.,partly-cloudy-day,"48820099999,48823099999,48825099999,48831099999,VVNB"
Hanoi,2025-03-26,26,21.5,23.4,26,21.5,23.4,20.4,83.4,0,0,0,,0,0,29.9,20.5,129.5,1005.5,91.5,7.3,248.6,21.6,9,10,2025-03-26T05:55:21,2025-03-26T18:09:34,0.89,Overcast,Cloudy skies throughout the day.,cloudy,"48820099999,48823099999,48825099999,48831099999,VVNB"
Hanoi,2025-03-27,25.5,22,23.6,25.5,22,23.6,22.2,92,0,0,0,,0,0,28.1,18.4,120,1002.9,99,5.3,242.9,21,9,10,2025-03-27T05:54:27,2025-03-27T18:09:52,0.93,Overcast,Cloudy skies throughout the day.,cloudy,"48820099999,48823099999,48825099999,48831099999,VVNB"
Hanoi,2025-03-28,29,23,25.3,32.7,23,26.2,23,87.8,0.197,100,4.17,rain,0,0,37.1,20.5,116.1,1006.6,91.2,5.8,137,12,5,5,2025-03-28T05:53:32,2025-03-28T18:10:11,0.96,"Rain, Overcast",Cloudy skies throughout the day with afternoon rain.,rain,"48820099999,48823099999,48825099999,48831099999,VVNB"
Hanoi,2025-03-29,25,14,18.2,25,14,18.2,15.4,83.9,2.97,100,12.5,rain,0,0,38.2,31.7,47.3,1015,99.4,8.5,41.8,3.5,2,10,2025-03-29T05:52:38,2025-03-29T18:10:29,0,"Rain, Overcast",Cloudy skies throughout the day with a chance of rain throughout the day.,rain,"48820099999,48823099999,48825099999,48831099999,VVNB"
Hanoi,2025-03-30,18,13,15.3,18,13,15.3,9.8,70.4,0.2,100,4.17,rain,0,0,25.6,18.4,37.1,1021.3,100,10,60.6,5.4,2,10,2025-03-30T05:51:44,2025-03-30T18:10:47,0.03,"Rain, Overcast",Cloudy skies throughout the day with early morning rain.,rain,"48820099999,48823099999,48825099999,48831099999,VVNB"
Hanoi,2025-03-31,19,14,16.6,19,14,16.6,9.1,61.8,0,0,0,,0,0,23,14.8,22.7,1020.4,90.7,10,130.4,11.4,5,10,2025-03-31T05:50:50,2025-03-31T18:11:05,0.06,Overcast,Cloudy skies throughout the day.,cloudy,"48820099999,48823099999,48825099999,48831099999,VVNB"
Hanoi,2025-04-01,23,16,19.4,23,16,19.4,10.7,57.6,0,0,0,,0,0,23.4,13,324.7,1019.2,65.7,9.9,196.3,17.1,8,10,2025-04-01T05:49:56,2025-04-01T18:11:23,0.09,Partially cloudy,Partly cloudy throughout the day.,partly-cloudy-day,"48820099999,48823099999,48825099999,48831099999,VVNB"
Hanoi,2025-04-02,26,18,21.3,26,18,21.3,13.7,63.8,0,0,0,,0,0,18,18.4,308.2,1018.7,29.4,7.6,264.1,22.8,9,10,2025-04-02T05:49:03,2025-04-02T18:11:41,0.13,Partially cloudy,Partly cloudy throughout the day.,partly-cloudy-day,"48820099999,48823099999,48825099999,48831099999,VVNB"
Hanoi,2025-04-03,27,19,22.6,27,19,22.6,13.7,58.2,0,0,0,,0,0,29.5,20.5,136,1017.5,25.4,10.6,287,24.5,9,10,2025-04-03T05:48:10,2025-04-03T18:11:59,0.16,Partially cloudy,Partly cloudy throughout the day.,partly-cloudy-day,"48820099999,48823099999,48825099999,48831099999,VVNB"
Hanoi,2025-04-04,26,18,22,26,18,22,17.1,75,0,0,0,,0,0,36,20.5,120,1013.2,59.1,8.8,182.6,15.7,6,10,2025-04-04T05:47:16,2025-04-04T18:12:18,0.2,Partially cloudy,Partly cloudy throughout the day.,partly-cloudy-day,"48820099999,48823099999,48825099999,48831099999,VVNB"
Hanoi,2025-04-05,23,20,21.3,23,20,21.3,20.1,93.3,1.102,100,4.17,rain,0,0,18,16.6,80.4,1014.1,91.1,4.9,55.8,4.8,2,10,2025-04-05T05:46:24,2025-04-05T18:12:36,0.25,"Rain, Overcast",Cloudy skies throughout the day with late afternoon rain.,rain,"48820099999,48823099999,48825099999,48831099999,VVNB"
Hanoi,2025-04-06,25,20.7,22.3,25,20.7,22.3,20,87.2,3.769,100,4.17,rain,0,0,23.4,18.4,116.9,1014.7,88.4,6.1,124,10.6,6,10,2025-04-06T05:45:31,2025-04-06T18:12:55,0.27,"Rain, Partially cloudy",Partly cloudy throughout the day with late afternoon rain.,rain,"48820099999,48823099999,48825099999,48831099999,VVNB"
Hanoi,2025-04-07,24.2,20,21.8,24.2,20,21.8,20.2,90.3,1.376,100,4.17,rain,0,0,21.6,11.2,130.4,1015.6,89.3,4.9,81,7,4,10,2025-04-07T05:44:39,2025-04-07T18:13:13,0.3,"Rain, Partially cloudy",Partly cloudy throughout the day with late afternoon rain.,rain,"48820099999,48823099999,48825099999,48831099999,VVNB"
Hanoi,2025-04-08,28,20.7,23.9,30.7,20.7,24.3,20.7,82.5,0,0,0,rain,0,0,30.2,14.8,123,1014.6,84.8,6.1,134.7,11.5,5,10,2025-04-08T05:43:47,2025-04-08T18:13:32,0.33,Partially cloudy,Partly cloudy throughout the day.,partly-cloudy-day,"48820099999,48823099999,48825099999,48831099999,VVNB"
Hanoi,2025-04-09,27.1,22.7,24.8,29.7,22.7,25.4,22.1,85,0,0,0,,0,0,33.8,18.4,126.8,1010.7,94.5,6.9,133.6,11.5,4,10,2025-04-09T05:42:55,2025-04-09T18:13:51,0.37,Overcast,Cloudy skies throughout the day.,cloudy,"48820099999,48823099999,48825099999,48831099999,VVNB"
Hanoi,2025-04-10,28,23,24.5,31.3,23,25.1,22.6,89.5,0.2,100,4.17,rain,0,0,25.2,22.3,120.1,1007.1,96.6,5.5,103.1,9,4,8,2025-04-10T05:42:04,2025-04-10T18:14:10,0.4,"Rain, Overcast",Cloudy skies throughout the day with late afternoon rain.,rain,"48820099999,48823099999,48825099999,48831099999,VVNB"
Hanoi,2025-04-11,28,23,25.1,31.9,23,25.9,23.2,89.6,0.297,100,8.33,rain,0,0,25.9,18.4,118.8,1005.3,95.5,5.5,195.3,16.9,9,30,2025-04-11T05:41:13,2025-04-11T18:14:29,0.44,"Rain, Overcast",Cloudy skies throughout the day with rain.,rain,"48820099999,48823099999,48825099999,48831099999,VVNB"
Hanoi,2025-04-12,30,23,26,35.1,23,27.5,22.2,80.5,0.112,100,4.17,rain,0,0,51.5,25.9,22.1,1008.3,78.1,6.4,238.3,20.6,9,60,2025-04-12T05:40:23,2025-04-12T18:14:48,0.47,"Rain, Partially cloudy",Partly cloudy throughout the day with late afternoon rain.,rain,"48820099999,48823099999,48825099999,48831099999,VVNB"
Hanoi,2025-04-13,27,20.7,23.1,26.5,20.7,23.1,14.5,60.4,1.972,100,8.33,rain,0,0,40.3,18.4,306.6,1017,77,10,248.5,21.4,9,10,2025-04-13T05:39:33,2025-04-13T18:15:07,0.5,"Rain, Partially cloudy",Partly cloudy throughout the day with rain.,rain,"48820099999,48823099999,48825099999,48831099999,VVNB"
Hanoi,2025-04-14,29,20,24.2,28.6,20,24.1,14.8,57.7,0.2,100,8.33,rain,0,0,15.8,11.2,266.9,1014.6,70.4,9.7,167.6,14.5,6,10,2025-04-14T05:38:44,2025-04-14T18:15:27,0.54,"Rain, Partially cloudy",Partly cloudy throughout the day with rain clearing later.,rain,"48820099999,48823099999,48825099999,48831099999,VVNB"
Hanoi,2025-04-15,33.2,19,25.8,32.3,19,25.6,15.6,58.3,0,0,0,,0,0,21.2,18.4,149,1012.2,38.6,10.8,297.6,25.7,9,10,2025-04-15T05:37:55,2025-04-15T18:15:46,0.57,Partially cloudy,Partly cloudy throughout the day.,partly-cloudy-day,"48820099999,48823099999,48825099999,48831099999,VVNB"
Hanoi,2025-04-16,32,20,25.6,31.6,20,25.5,16.6,60.9,0,0,0,,0,0,33.5,24.1,103.8,1008.9,38.2,10.6,277.9,24.1,9,10,2025-04-16T05:37:07,2025-04-16T18:16:06,0.61,Partially cloudy,Partly cloudy throughout the day.,partly-cloudy-day,"48820099999,48823099999,48825099999,48831099999,VVNB"
Hanoi,2025-04-17,29.1,23,25.4,33.2,23,26.3,22.1,82.4,0.3,100,4.17,rain,0,0,29.2,20.5,117.6,1006.4,90.1,8.6,266.4,22.9,9,30,2025-04-17T05:36:19,2025-04-17T18:16:26,0.64,"Rain, Overcast",Cloudy skies throughout the day with afternoon rain.,rain,"48820099999,48823099999,48825099999,48831099999,VVNB"
Hanoi,2025-04-18,32,24,27,38.7,24,29.4,23.8,83.8,0.098,100,4.17,rain,0,0,31,18.4,108.7,1005.3,85.2,7.1,184.4,16,8,60,2025-04-18T05:35:32,2025-04-18T18:16:47,0.68,"Rain, Partially cloudy",Partly cloudy throughout the day with late afternoon rain.,rain,"48820099999,48823099999,48825099999,48831099999,VVNB"
Hanoi,2025-04-19,34.4,25,28.2,43.5,25,31.8,24.6,81.9,0.098,100,4.17,rain,0,0,31,22.3,95.4,1005.4,57.5,8.1,253.4,21.9,9,60,2025-04-19T05:34:45,2025-04-19T18:17:07,0.71,"Rain, Partially cloudy",Partly cloudy throughout the day with late afternoon rain.,rain,"48820099999,48823099999,48825099999,48831099999,VVNB"
Hanoi,2025-04-20,34.4,25,28.6,43.5,25,32.1,24.6,80.2,0.207,100,8.33,rain,0,0,32.4,27.7,109.5,1006.6,60.4,10,247.3,21.3,9,60,2025-04-20T05:33:59,2025-04-20T18:17:28,0.74,"Rain, Partially cloudy",Partly cloudy throughout the day with rain.,rain,"48820099999,48823099999,48825099999,48831099999,VVNB"
Hanoi,2025-04-21,31,24.4,26.7,37.7,24.4,28.4,24.1,85.8,10.611,100,4.17,rain,0,0,35.6,22.3,119.7,1008.8,83.9,9.1,244.1,21.3,8,75,2025-04-21T05:33:13,2025-04-21T18:17:49,0.75,"Rain, Partially cloudy",Partly cloudy throughout the day with late afternoon rain.,rain,"48820099999,48823099999,48825099999,48831099999,VVNB"
Hanoi,2025-04-22,31,25,27.4,39.1,25,30.7,24.8,86.3,0,0,0,,0,0,29.9,18.4,114.7,1007.7,90.7,6.6,259,22.5,9,60,2025-04-22T05:32:29,2025-04-22T18:18:10,0.81,Overcast,Cloudy skies throughout the day.,cloudy,"48820099999,48823099999,48825099999,48831099999,VVNB"
Hanoi,2025-04-23,34,25,28.3,43.5,25,32,24.7,81.6,15,100,16.67,rain,0,0,24.8,24.1,104.8,1005.7,65.3,8.1,270.1,23.2,10,75,2025-04-23T05:31:45,2025-04-23T18:18:31,0.84,"Rain, Partially cloudy",Partly cloudy throughout the day with rain.,rain,"48820099999,48823099999,48825099999,48831099999,VVNB"
Hanoi,2025-04-24,31,26,27.7,38,26,30.9,24.7,83.8,0.098,100,4.17,rain,0,0,23.8,18.4,97.1,1006.4,84,9.3,172.7,15,7,75,2025-04-24T05:31:01,2025-04-24T18:18:53,0.88,"Rain, Partially cloudy",Partly cloudy throughout the day with late afternoon rain.,rain,"48820099999,48823099999,48825099999,48831099999,VVNB"
Hanoi,2025-04-25,29,22,25.8,32,22,26.9,22,80,18.659,100,16.67,rain,0,0,31.3,18.4,45,1010.3,92.8,9.6,114.8,9.9,5,10,2025-04-25T05:30:19,2025-04-25T18:19:14,0.91,"Rain, Overcast",Cloudy skies throughout the day with a chance of rain throughout the day.,rain,"48820099999,48823099999,48825099999,48831099999,VVNB"
Hanoi,2025-04-26,28.1,24,26.2,32.2,24,27.4,23.1,83.4,0.3,100,12.5,rain,0,0,29.9,22.3,128.1,1010.6,97.7,9,89.1,7.6,3,30,2025-04-26T05:29:37,2025-04-26T18:19:36,0.95,"Rain, Overcast",Cloudy skies throughout the day with rain in the morning and afternoon.,rain,"48820099999,48823099999,48825099999,48831099999,VVNB"
Hanoi,2025-04-27,31,25,27.3,37.9,25,30.3,24.9,86.8,0.284,100,8.33,rain,0,0,28.1,22.3,120.3,1010,93.2,7.9,154.5,13.3,5,60,2025-04-27T05:28:56,2025-04-27T18:19:59,0.98,"Rain, Overcast",Cloudy skies throughout the day with rain.,rain,"48820099999,48823099999,48825099999,48831099999,VVNB"
Hanoi,2025-04-28,28,23,25.5,30.7,23,25.8,23.4,88.4,6.555,100,8.33,rain,0,0,29.5,25.9,2.2,1011.7,80.4,8.8,37.9,3.1,2,30,2025-04-28T05:28:15,2025-04-28T18:20:21,0,"Rain, Partially cloudy",Partly cloudy throughout the day with rain.,rain,"48820099999,48823099999,48825099999,48831099999,VVNB"
Hanoi,2025-04-29,28.6,24,25.6,31.9,24,26.2,23.1,86.4,0.098,100,4.17,rain,0,0,18.7,22.3,303.3,1012.2,59.7,7.9,206.9,17.8,7,10,2025-04-29T05:27:36,2025-04-29T18:20:44,0.05,"Rain, Partially cloudy",Partly cloudy throughout the day with late afternoon rain.,rain,"48820099999,48823099999,48825099999,48831099999,VVNB"
Hanoi,2025-04-30,31.2,25,27.3,37.1,25,29.7,24.3,84.4,0.398,100,8.33,rain,0,0,28.4,13,111.4,1011.2,67.6,7,216.8,18.7,8,30,2025-04-30T05:26:57,2025-04-30T18:21:07,0.08,"Rain, Partially cloudy",Partly cloudy throughout the day with rain.,rain,"48820099999,48823099999,48825099999,48831099999,VVNB"
Hanoi,2025-05-01,30,22,25.8,33.3,22,26.9,22.8,84.1,35.113,100,8.33,rain,0,0,23.4,27.7,314,1013.5,71.6,9,137.1,11.9,5,10,2025-05-01T05:26:19,2025-05-01T18:21:30,0.11,"Rain, Partially cloudy",Partly cloudy throughout the day with rain.,rain,"48820099999,48823099999,48825099999,48831099999,VVNB"
Hanoi,2025-05-02,33,23,27.8,36,23,29.9,22.3,74,0,0,0,,0,0,22.7,16.6,137.8,1010.2,34.7,10.8,279.5,24.2,10,10,2025-05-02T05:25:42,2025-05-02T18:21:53,0.15,Partially cloudy,Partly cloudy throughout the day.,partly-cloudy-day,"48820099999,48823099999,48825099999,48831099999,VVNB"
Hanoi,2025-05-03,33,25,28.2,40.6,25,31.9,24.5,81,0,0,0,,0,0,26.6,25.9,126.4,1007.3,59.1,9,230.3,19.7,8,60,2025-05-03T05:25:06,2025-05-03T18:22:16,0.18,Partially cloudy,Partly cloudy throughout the day.,partly-cloudy-day,"48820099999,48823099999,48825099999,48831099999,VVNB"
Hanoi,2025-05-04,33,26,28.6,42.1,26,33.4,24.9,80.9,1.764,100,4.17,rain,0,0,29.2,18.4,125.2,1005.4,67.5,9.5,266,23,9,75,2025-05-04T05:24:30,2025-05-04T18:22:40,0.25,"Rain, Partially cloudy",Partly cloudy throughout the day with late afternoon rain.,rain,"48820099999,48823099999,48825099999,48831099999,VVNB"
Hanoi,2025-05-05,35,24,29.5,45.1,24,34.6,25.5,80.9,0,0,0,rain,0,0,27.7,24.1,107.6,1004.6,50.9,8.4,274.7,23.6,10,100,2025-05-05T05:23:56,2025-05-05T18:23:04,0.25,Partially cloudy,Partly cloudy throughout the day.,partly-cloudy-day,"48820099999,48823099999,48825099999,48831099999,VVNB"
Hanoi,2025-05-06,33.1,26,29.3,42.7,26,35.5,25.9,82.6,0.005,100,4.17,rain,0,0,25.6,22.3,114.7,1005.1,67,9.2,222.5,19.2,8,100,2025-05-06T05:23:22,2025-05-06T18:23:28,0.28,"Rain, Partially cloudy",Partly cloudy throughout the day with morning rain.,rain,"48820099999,48823099999,48825099999,48831099999,VVNB"
Hanoi,2025-05-07,34,27,29.9,45.3,31.2,37.4,26.4,82.2,1.2,100,29.17,rain,0,0,26.6,22.3,113.9,1003.5,81.9,9.9,198.9,17,6,100,2025-05-07T05:22:50,2025-05-07T18:23:52,0.32,"Rain, Partially cloudy",Partly cloudy throughout the day with a chance of rain throughout the day.,rain,"48820099999,48823099999,48825099999,48831099999,VVNB"
Hanoi,2025-05-08,36,28,31,50.2,33.6,40.1,26.9,79.7,0,0,0,rain,0,0,29.2,22.3,115.3,1002.3,75,10,284.5,24.7,10,100,2025-05-08T05:22:18,2025-05-08T18:24:17,0.35,Partially cloudy,Partly cloudy throughout the day.,partly-cloudy-day,"48820099999,48823099999,48825099999,48831099999,VVNB"
Hanoi,2025-05-09,35,28,30.7,45.3,33.6,37.9,25.8,76.5,2.2,100,12.5,rain,0,0,33.8,18.4,83.6,1004.8,69.8,10,236.6,20.6,8,100,2025-05-09T05:21:47,2025-05-09T18:24:42,0.38,"Rain, Partially cloudy",Partly cloudy throughout the day with rain.,rain,"48820099999,48823099999,48825099999,48831099999,VVNB"
Hanoi,2025-05-10,30,23.3,27.4,35.1,23.3,30.6,23.9,81.5,4.328,100,8.33,rain,0,0,38.5,20.5,68.6,1008.3,93.5,9.5,180.2,15.5,8,60,2025-05-10T05:21:18,2025-05-10T18:25:06,0.42,"Rain, Overcast",Cloudy skies throughout the day with rain.,rain,"48820099999,48823099999,48825099999,48831099999,VVNB"
Hanoi,2025-05-11,27,21,23.6,27.7,21,23.7,18.6,74.2,51.238,100,16.67,rain,0,0,41,18.4,6,1012.3,75,10.8,126.9,11,6,10,2025-05-11T05:20:49,2025-05-11T18:25:31,0.45,"Rain, Partially cloudy",Partly cloudy throughout the day with a chance of rain throughout the day.,rain,"48820099999,48823099999,48825099999,48831099999,VVNB"
Hanoi,2025-05-12,31,19,25.3,30.3,19,25.3,16.8,62.4,0,0,0,,0,0,22.3,22.3,103.6,1010.4,24.8,11.3,321.5,27.8,10,10,2025-05-12T05:20:21,2025-05-12T18:25:56,0.5,Partially cloudy,Partly cloudy throughout the day.,partly-cloudy-day,"48820099999,48823099999,48825099999,48831099999,VVNB"
Hanoi,2025-05-13,31.1,22,26.5,34.1,22,27.7,20.4,70.8,0,0,0,,0,0,29.5,24.1,118.8,1009.9,26.6,10.6,235.1,20.2,9,10,2025-05-13T05:19:55,2025-05-13T18:26:22,0.52,Partially cloudy,Partly cloudy throughout the day.,partly-cloudy-day,"48820099999,48823099999,48825099999,48831099999,VVNB"
Hanoi,2025-05-14,31,25,27.6,37.7,25,30.6,24.3,83,0.2,100,8.33,rain,0,0,25.6,14.8,116.3,1010.1,81.2,9.2,193.3,16.9,7,30,2025-05-14T05:19:29,2025-05-14T18:26:47,0.55,"Rain, Partially cloudy",Partly cloudy throughout the day with afternoon rain.,rain,"48820099999,48823099999,48825099999,48831099999,VVNB"
Hanoi,2025-05-15,33,25,28,40.7,25,31.3,25,84.7,3.6,100,29.17,rain,0,0,23.8,18.4,121.5,1009.5,71.9,9.3,138.2,11.9,6,30,2025-05-15T05:19:05,2025-05-15T18:27:12,0.59,"Rain, Partially cloudy",Partly cloudy throughout the day with rain in the morning and afternoon.,rain,"48820099999,48823099999,48825099999,48831099999,VVNB"
Hanoi,2025-05-16,32,25,28.1,40.7,25,32.3,25.2,85,0.211,100,8.33,rain,0,0,21.2,18.4,134.2,1008.4,85.1,9.3,109.5,9.5,4,60,2025-05-16T05:18:41,2025-05-16T18:27:38,0.62,"Rain, Partially cloudy",Partly cloudy throughout the day with rain.,rain,"48820099999,48823099999,48825099999,48831099999,VVNB"
Hanoi,2025-05-17,34,24,28,45.3,24,32.2,25.3,86.2,10.039,100,8.33,rain,0,0,25.9,22.3,128.1,1008.2,71.1,9.3,124.3,10.7,7,30,2025-05-17T05:18:18,2025-05-17T18:28:03,0.66,"Rain, Partially cloudy",Partly cloudy throughout the day with rain.,rain,"48820099999,48823099999,48825099999,48831099999,VVNB"
Hanoi,2025-05-18,34,25.4,28.8,43.5,25.4,33.1,25.2,81.8,4.93,100,8.33,rain,0,0,26.3,14.8,118.4,1007.8,79.6,10,146.4,12.6,6,30,2025-05-18T05:17:57,2025-05-18T18:28:29,0.69,"Rain, Partially cloudy",Partly cloudy throughout the day with rain.,rain,"48820099999,48823099999,48825099999,48831099999,VVNB"
Hanoi,2025-05-19,31.5,24,27.5,39.2,24,31.5,25.1,87.1,2.472,100,16.67,rain,0,0,25.2,18.4,105.1,1007,85.7,9.4,141.4,12.1,5,60,2025-05-19T05:17:37,2025-05-19T18:28:54,0.73,"Rain, Partially cloudy",Partly cloudy throughout the day with a chance of rain throughout the day.,rain,"48820099999,48823099999,48825099999,48831099999,VVNB"
Hanoi,2025-05-20,35,27,29.4,45.3,31.2,36.4,26.4,84.5,11.009,100,8.33,rain,0,0,32,22.3,123.4,1004.9,81.9,8.9,239.6,20.7,9,75,2025-05-20T05:17:17,2025-05-20T18:29:20,0.75,"Rain, Partially cloudy",Partly cloudy throughout the day with rain.,rain,"48820099999,48823099999,48825099999,48831099999,VVNB"
Hanoi,2025-05-21,33.5,27,29.3,45.8,30.3,36.4,26.3,84.2,36.353,100,4.17,rain,0,0,30.6,27.7,121.3,1005.2,71.2,9.5,255.3,22,8,75,2025-05-21T05:16:59,2025-05-21T18:29:46,0.79,"Rain, Partially cloudy",Partly cloudy throughout the day with late afternoon rain.,rain,"48820099999,48823099999,48825099999,48831099999,VVNB"
Hanoi,2025-05-22,33.2,26,29.5,43.8,26,35.9,25.8,80.9,0.2,100,8.33,rain,0,0,27,22.3,121.7,1004.3,77.7,9.9,199.4,17.2,7,60,2025-05-22T05:16:42,2025-05-22T18:30:11,0.83,"Rain, Partially cloudy",Partly cloudy throughout the day with rain.,rain,"48820099999,48823099999,48825099999,48831099999,VVNB"
Hanoi,2025-05-23,29,24,26.5,36.8,24,29.3,25.3,92.9,41.14,100,8.33,rain,0,0,22,16.7,68.9,1005.6,77.3,9.5,112.9,9.8,5,60,2025-05-23T05:16:26,2025-05-23T18:30:37,0.86,"Rain, Partially cloudy",Partly cloudy throughout the day with rain.,rain,"48820099999,48823099999,48825099999,48831099999,VVNB"
Hanoi,2025-05-24,26.1,22,24.5,26.1,22,24.5,22.3,87.8,44.441,100,12.5,rain,0,0,33.1,16.6,353,1010.6,91.7,9.1,65.6,5.6,3,10,2025-05-24T05:16:11,2025-05-24T18:31:02,0.9,"Rain, Overcast",Cloudy skies throughout the day with rain.,rain,"48820099999,48823099999,48825099999,48831099999,VVNB"
Hanoi,2025-05-25,26,20,23.4,26,20,23.4,19.3,78.5,7.62,100,4.17,rain,0,0,29.9,24.1,3.8,1014.7,97.6,9.4,68.8,6,2,10,2025-05-25T05:15:57,2025-05-25T18:31:28,0.93,"Rain, Overcast",Cloudy skies throughout the day with late afternoon rain.,rain,"48820099999,48823099999,48825099999,48831099999,VVNB"
Hanoi,2025-05-26,27.3,22,24.9,28.6,22,25.2,18.8,69.1,0,0,0,,0,0,22.7,13,23.9,1014.2,98,10,135.9,11.7,6,10,2025-05-26T05:15:44,2025-05-26T18:31:53,0.97,Overcast,Cloudy skies throughout the day.,cloudy,"48820099999,48823099999,48825099999,48831099999,VVNB"
Hanoi,2025-05-27,26,23,24.4,26,23,24.4,21.5,83.7,0.007,100,4.17,rain,0,0,33.5,9.4,331.7,1011.6,97.9,8.5,44.7,3.9,2,10,2025-05-27T05:15:32,2025-05-27T18:32:18,0,"Rain, Overcast",Cloudy skies throughout the day with afternoon rain.,rain,"48820099999,48823099999,48825099999,48831099999,VVNB"
Hanoi,2025-05-28,32,23,27.1,37.9,23,30,23.9,84.1,1.364,100,8.33,rain,0,0,24.1,20.5,130.1,1007.8,83.4,7.7,204.7,17.6,7,30,2025-05-28T05:15:22,2025-05-28T18:32:43,0.04,"Rain, Partially cloudy",Partly cloudy throughout the day with rain.,rain,"48820099999,48823099999,48825099999,48831099999,VVNB"
Hanoi,2025-05-29,30.2,24.8,26.8,37.6,24.8,28.9,24.5,87.4,3.734,100,4.17,rain,0,0,32,24.1,47,1007.2,87.7,8.4,108.9,9.5,4,10,2025-05-29T05:15:12,2025-05-29T18:33:08,0.07,"Rain, Partially cloudy",Partly cloudy throughout the day with late afternoon rain.,rain,"48820099999,48823099999,48825099999,48831099999,VVNB"
Hanoi,2025-05-30,30.8,23,26.5,38.1,23,29.3,24,86.7,6.19,100,4.17,rain,0,0,19.1,16.6,87.4,1007.3,88.3,9.7,79,6.9,3,30,2025-05-30T05:15:04,2025-05-30T18:33:32,0.1,"Rain, Partially cloudy",Partly cloudy throughout the day with late afternoon rain.,rain,"48820099999,48823099999,48825099999,48831099999,VVNB"
Hanoi,2025-05-31,35,26,29.6,45.7,26,35.8,26.1,82.7,0,0,0,rain,0,0,31,22.3,123.4,1003.8,73.9,10.1,239.9,20.6,8,60,2025-05-31T05:14:56,2025-05-31T18:33:56,0.13,Partially cloudy,Partly cloudy throughout the day.,partly-cloudy-day,"48820099999,48823099999,48825099999,48831099999,VVNB"
Hanoi,2025-06-01,39.5,27,33,47.2,31.2,40.2,25.3,67.5,0,0,0,,0,0,36.7,25.9,233.2,999.3,42.1,11.9,301.9,26.1,9,60,2025-06-01T05:14:50,2025-06-01T18:34:20,0.17,Partially cloudy,Partly cloudy throughout the day.,partly-cloudy-day,"48820099999,48823099999,48825099999,48831099999,VVNB"
Hanoi,2025-06-02,39,31,34.6,49,36.5,42.8,25,58.4,2,100,12.5,rain,0,0,29.5,20.5,265.7,999,80.3,11.6,295.7,25.5,9,60,2025-06-02T05:14:45,2025-06-02T18:34:44,0.2,"Rain, Partially cloudy",Partly cloudy throughout the day with late afternoon rain.,rain,"48820099999,48823099999,48825099999,48831099999,VVNB"
Hanoi,2025-06-03,33.2,26.9,30.3,42.5,29.9,36.6,25,73.9,14.836,100,4.17,rain,0,0,29.5,16.6,64.5,1003.2,88,10,157.6,13.6,6,30,2025-06-03T05:14:41,2025-06-03T18:35:08,0.25,"Rain, Partially cloudy",Partly cloudy throughout the day with late afternoon rain.,rain,"48820099999,48823099999,48825099999,48831099999,VVNB"
Hanoi,2025-06-04,32,26,28.7,39.1,26,33.5,25.2,82,10.709,100,4.17,rain,0,0,20.2,13,55,1006.2,91.1,9.6,168.5,14.6,6,30,2025-06-04T05:14:37,2025-06-04T18:35:31,0.27,"Rain, Overcast",Cloudy skies throughout the day with late afternoon rain.,rain,"48820099999,48823099999,48825099999,48831099999,VVNB"
Hanoi,2025-06-05,34.1,26,29.7,45.3,26,36,26,81.4,2.5,100,20.83,rain,0,0,24.1,22.3,145,1006.6,74.2,9.6,198.1,17.1,8,30,2025-06-05T05:14:35,2025-06-05T18:35:53,0.3,"Rain, Partially cloudy",Partly cloudy throughout the day with rain.,rain,"48820099999,48823099999,48825099999,48831099999,VVNB"
Hanoi,2025-06-06,34.7,28,30.5,47.3,33.6,39.1,26.8,81.4,1.3,100,12.5,rain,0,0,28.1,20.5,118.1,1005.5,60.5,10,233.6,20.1,8,60,2025-06-06T05:14:34,2025-06-06T18:36:16,0.33,"Rain, Partially cloudy",Partly cloudy throughout the day with rain in the morning and afternoon.,rain,"48820099999,48823099999,48825099999,48831099999,VVNB"
Hanoi,2025-06-07,34.5,27,29.8,47.3,30.6,38,26.9,84.9,18.471,100,4.17,rain,0,0,22,18.4,112.7,1004.6,75.8,10,237.4,20.5,7,75,2025-06-07T05:14:34,2025-06-07T18:36:38,0.36,"Rain, Partially cloudy",Partly cloudy throughout the day with late afternoon rain.,rain,"48820099999,48823099999,48825099999,48831099999,VVNB"
Hanoi,2025-06-08,34,26,28.5,47.3,26,34.3,26.2,87.8,0.614,100,4.17,rain,0,0,19.8,16.6,97.2,1003.7,73.5,9.4,184.5,16,6,60,2025-06-08T05:14:35,2025-06-08T18:36:59,0.4,"Rain, Partially cloudy",Partly cloudy throughout the day with late afternoon rain.,rain,"48820099999,48823099999,48825099999,48831099999,VVNB"
Hanoi,2025-06-09,33,25,29.2,42.1,25,33.8,25,79.1,0.199,100,8.33,rain,0,0,25.9,11.2,261.2,1003.9,70.4,9.9,107.7,9.4,4,60,2025-06-09T05:14:37,2025-06-09T18:37:20,0.43,"Rain, Partially cloudy",Partly cloudy throughout the day with rain.,rain,"48820099999,48823099999,48825099999,48831099999,VVNB"
Hanoi,2025-06-10,29.5,26,27.7,36.2,26,31.2,24.6,83.7,26.5,100,50,rain,0,0,33.8,25.9,317.2,1005,79.6,10.1,73.2,6.4,3,30,2025-06-10T05:14:40,2025-06-10T18:37:40,0.46,"Rain, Partially cloudy",Partly cloudy throughout the day with a chance of rain throughout the day.,rain,"48820099999,48823099999,48825099999,48831099999,VVNB"
Hanoi,2025-06-11,33.6,25,28.7,42.1,25,32.6,24.5,79,0.192,100,4.17,rain,0,0,33.8,20.5,304.9,1004.2,61.8,9.8,274.6,23.7,9,30,2025-06-11T05:14:44,2025-06-11T18:38:00,0.5,"Rain, Partially cloudy",Partly cloudy throughout the day with late afternoon rain.,rain,"48820099999,48823099999,48825099999,48831099999,VVNB"
Hanoi,2025-06-12,34.4,26,29.5,43.2,26,34.1,24.9,77.5,8.861,100,8.33,rain,0,0,35.3,16.6,342.3,1003.1,77,9.3,158.7,13.7,5,30,2025-06-12T05:14:49,2025-06-12T18:38:20,0.53,"Rain, Partially cloudy",Partly cloudy throughout the day with rain.,rain,"48820099999,48823099999,48825099999,48831099999,VVNB"
Hanoi,2025-06-13,34,26.9,30.1,42.1,30.6,35.9,25,75.1,2.14,100,4.17,rain,0,0,39.2,20.5,343.4,1002.1,71,10.6,159.2,13.8,6,30,2025-06-13T05:14:55,2025-06-13T18:38:39,0.57,"Rain, Partially cloudy",Partly cloudy throughout the day with early morning rain.,rain,"48820099999,48823099999,48825099999,48831099999,VVNB"
Hanoi,2025-06-14,36,28.7,32.2,44.7,33.6,39.2,24.8,65.6,0,0,0,,0,0,25.9,16.6,31.5,1000.8,73.1,9.9,272,23.6,9,60,2025-06-14T05:15:01,2025-06-14T18:38:57,0.6,Partially cloudy,Partly cloudy throughout the day.,partly-cloudy-day,"48820099999,48823099999,48825099999,48831099999,VVNB"
Hanoi,2025-06-15,37,24,30.3,50.2,24,37.4,26.2,80.4,3.93,100,4.17,rain,0,0,19.4,24.1,62.3,1001.9,49.7,10,273.3,23.7,8,75,2025-06-15T05:15:09,2025-06-15T18:39:14,0.64,"Rain, Partially cloudy",Partly cloudy throughout the day with late afternoon rain.,rain,"48820099999,48823099999,48825099999,48831099999,VVNB"
Hanoi,2025-06-16,30.1,25,26.5,37.4,25,28.3,24.9,91.1,8.847,100,12.5,rain,0,0,22.7,13,24.5,1004.8,82,9.7,130.8,11.2,5,60,2025-06-16T05:15:17,2025-06-16T18:39:31,0.67,"Rain, Partially cloudy",Partly cloudy throughout the day with rain.,rain,"48820099999,48823099999,48825099999,48831099999,VVNB"
Hanoi,2025-06-17,34,26,29.1,45.8,26,34.9,26.1,84.9,1.035,100,8.33,rain,0,0,26.3,18.4,134.5,1004.3,73.1,8,161.6,14,4,75,2025-06-17T05:15:27,2025-06-17T18:39:47,0.71,"Rain, Partially cloudy",Partly cloudy throughout the day with rain.,rain,"48820099999,48823099999,48825099999,48831099999,VVNB"
Hanoi,2025-06-18,35,27,30.9,43.5,30.6,38.1,25.7,74.9,0.21,100,4.17,rain,0,0,30.2,20.5,149,1003.4,80.8,9.9,159.9,13.7,6,60,2025-06-18T05:15:37,2025-06-18T18:40:03,0.74,"Rain, Partially cloudy",Partly cloudy throughout the day with early morning rain.,rain,"48820099999,48823099999,48825099999,48831099999,VVNB"
Hanoi,2025-06-19,35,29,31.1,45.3,35.6,39.6,26.5,78.1,0.1,100,4.17,rain,0,0,38.2,18.4,138.4,1002.9,62,9.2,234.8,20.3,9,60,2025-06-19T05:15:48,2025-06-19T18:40:17,0.75,"Rain, Partially cloudy",Partly cloudy throughout the day with early morning rain.,rain,"48820099999,48823099999,48825099999,48831099999,VVNB"
Hanoi,2025-06-20,35,28,30.3,44.9,33.6,38.3,26.5,81,1.7,100,16.67,rain,0,0,29.2,18.4,121.9,1003.1,71,9.9,172,14.6,7,60,2025-06-20T05:16:00,2025-06-20T18:40:31,0.81,"Rain, Partially cloudy",Partly cloudy throughout the day with rain.,rain,"48820099999,48823099999,48825099999,48831099999,VVNB"
Hanoi,2025-06-21,31.9,24,27.7,41.8,24,32.5,26.1,91.3,19.159,100,8.33,rain,0,0,24.1,22.3,105.7,1004.4,90.8,8.9,138.6,11.9,6,30,2025-06-21T05:16:12,2025-06-21T18:40:45,0.85,"Rain, Overcast",Cloudy skies throughout the day with rain in the morning and afternoon.,rain,"48820099999,48823099999,48825099999,48831099999,VVNB"
Hanoi,2025-06-22,30.5,24,27,39.3,24,30.6,25.5,91.8,72.712,100,12.5,rain,0,0,26.3,20.5,77,1005.4,79.1,9,161,13.9,7,60,2025-06-22T05:16:25,2025-06-22T18:40:57,0.89,"Rain, Partially cloudy",Partly cloudy throughout the day with rain.,rain,"48820099999,48823099999,48825099999,48831099999,VVNB"
Hanoi,2025-06-23,33.5,25,29.3,45.8,25,35.8,26.3,84.8,4.9,100,33.33,rain,0,0,25.2,20.5,98.8,1004.4,81.5,10.6,196.5,17,8,60,2025-06-23T05:16:39,2025-06-23T18:41:08,0.92,"Rain, Partially cloudy",Partly cloudy throughout the day with a chance of rain throughout the day.,rain,"48820099999,48823099999,48825099999,48831099999,VVNB"
Hanoi,2025-06-24,34.7,28,30.1,45.8,34.5,38.4,26.9,83.8,5.3,100,25,rain,0,0,25.6,20.5,130,1004.5,74.7,9.9,248.6,21.2,9,75,2025-06-24T05:16:54,2025-06-24T18:41:19,0.96,"Rain, Partially cloudy",Partly cloudy throughout the day with rain.,rain,"48820099999,48823099999,48825099999,48831099999,VVNB"
Hanoi,2025-06-25,35,26.6,29.9,44.9,26.6,36.7,26,80.5,20.738,100,8.33,rain,0,0,31.7,20.5,118.7,1006.5,59.5,11,232.9,20.1,9,30,2025-06-25T05:17:09,2025-06-25T18:41:29,0,"Rain, Partially cloudy",Partly cloudy throughout the day with rain.,rain,"48820099999,48823099999,48825099999,48831099999,remote,VVNB"
Hanoi,2025-06-26,34.5,26,29.9,43.5,26,35.9,25.8,79.9,7.4,100,41.67,rain,0,0,53.6,33.5,139.3,1005.5,56.2,9.3,239,20.7,8,60,2025-06-26T05:17:25,2025-06-26T18:41:38,0.02,"Rain, Partially cloudy",Partly cloudy throughout the day with rain.,rain,"48820099999,48823099999,48825099999,48831099999,VVNB"
Hanoi,2025-06-27,28.6,26,27.2,34.9,26,30.7,25.6,90.9,3.751,100,12.5,rain,0,0,19.8,13,75.8,1004.1,73.3,8.9,105.5,9.1,5,30,2025-06-27T05:17:42,2025-06-27T18:41:46,0.06,"Rain, Partially cloudy",Partly cloudy throughout the day with rain.,rain,"48820099999,48823099999,48825099999,48831099999,VVNB"
Hanoi,2025-06-28,30.6,25,27.8,40.7,25,32.3,25.6,88.3,5.175,100,16.67,rain,0,0,18.7,16.6,89.4,1003.2,68.7,9.4,125.5,10.9,6,60,2025-06-28T05:17:59,2025-06-28T18:41:53,0.09,"Rain, Partially cloudy",Partly cloudy throughout the day with a chance of rain throughout the day.,rain,"48820099999,48823099999,48825099999,48831099999,VVNB"
Hanoi,2025-06-29,31.1,26.9,28.6,40.6,30.5,35.1,26.2,86.8,9.4,100,45.83,rain,0,0,20.9,16.6,115.4,1001.2,82.4,9.4,122.7,10.6,5,30,2025-06-29T05:18:17,2025-06-29T18:41:59,0.12,"Rain, Partially cloudy",Partly cloudy throughout the day with a chance of rain throughout the day.,rain,"48820099999,48823099999,48825099999,48831099999,VVNB"
Hanoi,2025-06-30,33.2,24,28.1,43.1,24,33.1,25.9,88.3,5.895,100,4.17,rain,0,0,22,18.4,113,1001.6,82.9,9.6,112.3,9.5,4,60,2025-06-30T05:18:35,2025-06-30T18:42:04,0.15,"Rain, Partially cloudy",Partly cloudy throughout the day with late afternoon rain.,rain,"48820099999,48823099999,48825099999,48831099999,VVNB,remote"
Hanoi,2025-07-01,29.5,24,26.8,35.9,24,29.4,24.8,89.1,10.839,100,12.5,rain,0,0,27.4,20.5,113.9,1004,86.3,9.4,99.8,8.6,4,30,2025-07-01T05:18:54,2025-07-01T18:42:08,0.19,"Rain, Partially cloudy",Partly cloudy throughout the day with a chance of rain throughout the day.,rain,"48820099999,48823099999,48825099999,48831099999,VVNB"
Hanoi,2025-07-02,30.3,24,27.4,37.6,24,31,25.3,89.1,28.881,100,8.33,rain,0,0,23.4,16.6,103.2,1006.3,75.5,9.9,107.8,9.4,6,30,2025-07-02T05:19:14,2025-07-02T18:42:11,0.22,"Rain, Partially cloudy",Partly cloudy throughout the day with rain in the morning and afternoon.,rain,"48820099999,48823099999,48825099999,48831099999,VVNB,remote"
Hanoi,2025-07-03,30,25,27.4,37.4,25,31.2,25.6,89.9,51.112,100,8.33,rain,0,0,17.6,25.9,87.4,1006.9,84.6,9.1,124.2,10.7,5,30,2025-07-03T05:19:33,2025-07-03T18:42:13,0.25,"Rain, Partially cloudy",Partly cloudy throughout the day with rain in the morning and afternoon.,rain,"48820099999,48823099999,48825099999,48831099999,VVNB,remote"
Hanoi,2025-07-04,34,25,29.3,42,25,33.7,25,79,0.6,100,25,rain,0,0,17.6,16.6,91.2,1005.5,56.7,9.7,233.9,20.1,8,30,2025-07-04T05:19:54,2025-07-04T18:42:14,0.28,"Rain, Partially cloudy",Partly cloudy throughout the day with a chance of rain throughout the day.,rain,"48820099999,48823099999,48825099999,48831099999,remote,VVNB"
Hanoi,2025-07-05,35,26.3,30.7,44.9,26.3,37.1,25.4,74.7,1.5,100,20.83,rain,0,0,15.8,20.5,102,1003.7,57,9.8,263.1,22.5,9,30,2025-07-05T05:20:14,2025-07-05T18:42:14,0.32,"Rain, Partially cloudy",Partly cloudy throughout the day with rain.,rain,"48820099999,48823099999,48825099999,48831099999,VVNB"
Hanoi,2025-07-06,33.1,27,29.9,42.1,31.2,36.1,25.4,78.1,0.8,100,8.33,rain,0,0,25.6,13,127.7,1003.4,64.1,10.2,273.3,23.6,9,30,2025-07-06T05:20:35,2025-07-06T18:42:13,0.35,"Rain, Partially cloudy",Partly cloudy throughout the day with rain.,rain,"48820099999,48823099999,48825099999,48831099999,VVNB"
Hanoi,2025-07-07,34.5,27,30.4,43.5,30.6,37.2,25.6,76.7,2.1,100,16.67,rain,0,0,24.5,13,102.2,1002.6,54.6,11.1,264.7,22.8,8,60,2025-07-07T05:20:57,2025-07-07T18:42:11,0.38,"Rain, Partially cloudy",Partly cloudy throughout the day with rain in the morning and afternoon.,rain,"48820099999,48823099999,48825099999,48831099999,VVNB"
Hanoi,2025-07-08,36.2,27,31.5,46.7,31.2,40.4,26.6,76.3,0.2,100,8.33,rain,0,0,28.8,11.2,66.3,1000.7,61.5,11.4,263.2,22.8,9,60,2025-07-08T05:21:18,2025-07-08T18:42:07,0.41,"Rain, Partially cloudy",Partly cloudy throughout the day with rain in the morning and afternoon.,rain,"48820099999,48823099999,48825099999,48831099999,VVNB"
Hanoi,2025-07-09,38,29,32.4,47.7,35.6,42.5,27,74.6,0,0,0,rain,0,0,25.9,16.6,63.6,998.9,68.1,10.5,265.9,23,9,75,2025-07-09T05:21:40,2025-07-09T18:42:03,0.45,Partially cloudy,Partly cloudy throughout the day.,partly-cloudy-day,"48820099999,48823099999,48825099999,48831099999,VVNB"
Hanoi,2025-07-10,34.5,26,29.8,44.8,26,35.3,25.4,78.4,4.913,100,4.17,rain,0,0,29.5,33.5,317.1,998.2,82.4,11.8,201.4,17.2,7,60,2025-07-10T05:22:03,2025-07-10T18:41:58,0.48,"Rain, Partially cloudy",Partly cloudy throughout the day with late afternoon rain.,rain,"48820099999,48823099999,48825099999,48831099999,VVNB,remote"
Hanoi,2025-07-11,32.1,25,27.6,40.8,25,31,25.3,87.7,4.767,100,4.17,rain,0,0,32,18.4,316.3,1000,77.8,9.9,139,12,5,30,2025-07-11T05:22:25,2025-07-11T18:41:51,0.5,"Rain, Partially cloudy",Partly cloudy throughout the day with late afternoon rain.,rain,"48820099999,48823099999,48825099999,48831099999,VVNB,remote"
Hanoi,2025-07-12,34,25,27.9,43.5,25,30.7,25.2,86.1,8.565,100,4.17,rain,0,0,25.9,13,325.5,1004,81.7,9.5,151.8,13.4,6,30,2025-07-12T05:22:48,2025-07-12T18:41:43,0.55,"Rain, Partially cloudy",Partly cloudy throughout the day with late afternoon rain.,rain,"48820099999,48823099999,48825099999,48831099999,VVNB"
Hanoi,2025-07-13,34,26,29.6,43.5,26,35.2,25.8,81.3,2.834,100,4.17,rain,0,0,17.3,20.5,335.2,1005.1,70.7,9.1,169.2,14.6,6,60,2025-07-13T05:23:11,2025-07-13T18:41:35,0.58,"Rain, Partially cloudy",Partly cloudy throughout the day with late afternoon rain.,rain,"48820099999,48823099999,48825099999,48831099999,VVNB"
Hanoi,2025-07-14,33.4,27.7,29.4,45.1,32.5,37.1,26.7,85.7,0.983,100,4.17,rain,0,0,19.8,16.6,57.8,1004,53.3,6.8,127.8,10.9,4,60,2025-07-14T05:23:34,2025-07-14T18:41:25,0.62,"Rain, Partially cloudy",Partly cloudy throughout the day with late afternoon rain.,rain,"48820099999,48823099999,48825099999,48831099999,VVNB"
Hanoi,2025-07-15,33.6,27,29.8,42.5,31.1,37.7,26.6,83.1,0.115,100,8.33,rain,0,0,22.7,16.6,111,1002.1,60.4,7.3,132.5,11.4,5,60,2025-07-15T05:23:57,2025-07-15T18:41:14,0.66,"Rain, Partially cloudy",Partly cloudy throughout the day with rain.,rain,"48820099999,48823099999,48825099999,48831099999,VVNB"
Hanoi,2025-07-16,34.3,28,30.5,47.3,34.5,39.8,27.1,82.7,0.035,100,4.17,rain,0,0,27,16.6,104.1,1002,64.9,10.5,169.3,14.6,6,60,2025-07-16T05:24:20,2025-07-16T18:41:02,0.69,"Rain, Partially cloudy",Partly cloudy throughout the day with morning rain.,rain,"48820099999,48823099999,48825099999,48831099999,VVNB,remote"
Hanoi,2025-07-17,36,27.7,32.2,46.7,33.1,40.8,26.2,72.2,0,0,0,rain,0,0,35.3,14.8,73.5,1002.4,58.7,10.7,255.2,22.2,9,60,2025-07-17T05:24:44,2025-07-17T18:40:48,0.73,Partially cloudy,Partly cloudy throughout the day.,partly-cloudy-day,"48820099999,48823099999,48825099999,48831099999,VVNB"
Hanoi,2025-07-18,37.2,29,32.6,48.8,36.8,42.5,26.7,72.3,0,0,0,,0,0,25.2,11.2,308,1000,50.3,10.2,290.7,25.2,9,60,2025-07-18T05:25:07,2025-07-18T18:40:34,0.75,Partially cloudy,Partly cloudy throughout the day.,partly-cloudy-day,"48820099999,48823099999,48825099999,48831099999,VVNB,remote"
Hanoi,2025-07-19,37,24,30.4,51.6,24,38.4,26.6,81.4,21.415,100,4.17,rain,0,0,76,14.8,323.5,997.5,49.9,9,198.8,17,7,75,2025-07-19T05:25:31,2025-07-19T18:40:18,0.8,"Rain, Partially cloudy",Partly cloudy throughout the day with late afternoon rain.,rain,"48820099999,48823099999,48825099999,48831099999,VVNB"
Hanoi,2025-07-20,33,25,28.6,44.1,25,33.8,25.7,85.2,3.018,100,12.5,rain,0,0,30.6,14.8,301,996.3,81,10,127.8,11,5,60,2025-07-20T05:25:55,2025-07-20T18:40:02,0.84,"Rain, Partially cloudy",Partly cloudy throughout the day with rain.,rain,"48820099999,48823099999,48825099999,48831099999,VVNB"
Hanoi,2025-07-21,29,26,27.8,38.1,26,32.7,26.2,91,17.803,100,20.83,rain,0,0,47.2,27.7,278.9,993.8,83,8.8,43.1,3.8,2,30,2025-07-21T05:26:18,2025-07-21T18:39:44,0.87,"Rain, Partially cloudy",Partly cloudy throughout the day with rain.,rain,"48820099999,48823099999,48825099999,48831099999,VVNB"
Hanoi,2025-07-22,30,25,27.6,37.4,25,31.7,25.2,87.3,30.175,100,25,rain,0,0,70.9,35.3,19.7,991.4,95.1,9,64.4,5.6,2,10,2025-07-22T05:26:42,2025-07-22T18:39:25,0.91,"Rain, Overcast",Cloudy skies throughout the day with rain.,rain,"48820099999,48823099999,48825099999,48831099999,VVNB"
Hanoi,2025-07-23,31.7,25,27.2,39.9,25,30.7,25.5,90.8,15.917,100,4.17,rain,0,0,42.5,16.6,64.7,998.4,89.1,9.7,152.6,13.2,5,30,2025-07-23T05:27:05,2025-07-23T18:39:05,0.94,"Rain, Partially cloudy",Partly cloudy throughout the day with late afternoon rain.,rain,"48820099999,48823099999,48825099999,48831099999,VVNB"
Hanoi,2025-07-24,31,27,28.4,39.1,30.6,34.1,25.9,86.7,39.698,100,8.33,rain,0,0,16.9,18.4,73.4,1001.4,76.3,10,132.5,11.6,7,30,2025-07-24T05:27:29,2025-07-24T18:38:44,0.98,"Rain, Partially cloudy",Partly cloudy throughout the day with rain.,rain,"48820099999,48823099999,48825099999,48831099999,VVNB"
Hanoi,2025-07-25,32,25,28.2,41,25,33.2,25.8,87.3,3.603,100,8.33,rain,0,0,22.7,14.8,358.4,1001.6,63.8,9.5,143.4,12.3,7,60,2025-07-25T05:27:52,2025-07-25T18:38:22,0,"Rain, Partially cloudy",Partly cloudy throughout the day with rain.,rain,"48820099999,48823099999,48825099999,48831099999,VVNB"
Hanoi,2025-07-26,34,25,28.9,43.5,25,33.2,25.3,82.1,86.673,100,8.33,rain,0,0,37.1,18.4,0.6,1001.3,65,9.7,211.4,18.2,7,60,2025-07-26T05:28:16,2025-07-26T18:37:58,0.05,"Rain, Partially cloudy",Partly cloudy throughout the day with rain.,rain,"48820099999,48823099999,48825099999,48831099999,VVNB"
Hanoi,2025-07-27,35,25.7,29.8,43.5,25.7,35.1,25.4,78.6,3.348,100,8.33,rain,0,0,23.4,11.2,266.5,1001,55.9,9.5,222.9,19.1,8,30,2025-07-27T05:28:39,2025-07-27T18:37:34,0.08,"Rain, Partially cloudy",Partly cloudy throughout the day with rain.,rain,"48820099999,48823099999,48825099999,48831099999,VVNB"
Hanoi,2025-07-28,36.1,27,31.1,46.7,31.2,39.3,26.3,77,0.4,100,4.17,rain,0,0,20.9,11.2,312.3,999.2,31.3,9.8,281.3,24.2,9,60,2025-07-28T05:29:02,2025-07-28T18:37:08,0.11,"Rain, Partially cloudy",Partly cloudy throughout the day with afternoon rain.,rain,"48820099999,48823099999,48825099999,48831099999,VVNB"
Hanoi,2025-07-29,37.1,28,32.4,49.5,33.6,42.3,26.8,73.9,0,0,0,,0,0,18.7,11.2,90.9,997.3,49.4,9.6,286.3,24.4,9,60,2025-07-29T05:29:25,2025-07-29T18:36:42,0.14,Partially cloudy,Partly cloudy throughout the day.,partly-cloudy-day,"48820099999,48823099999,48825099999,48831099999,VVNB"
Hanoi,2025-07-30,36.9,26,31.8,52.5,26,42.5,27.6,79.2,0,0,0,,0,0,23.4,24.1,61.2,997.4,49.8,9.1,268.6,23.1,9,60,2025-07-30T05:29:48,2025-07-30T18:36:14,0.17,Partially cloudy,Partly cloudy throughout the day.,partly-cloudy-day,"48820099999,48823099999,48825099999,48831099999,VVNB"
Hanoi,2025-07-31,35,26,30.3,45.7,26,36.7,26,79.4,9.898,100,8.33,rain,0,0,42.5,20.5,154.7,998.2,72.1,9.5,190.6,16.4,6,60,2025-07-31T05:30:11,2025-07-31T18:35:45,0.21,"Rain, Partially cloudy",Partly cloudy throughout the day with rain.,rain,"48820099999,48823099999,48825099999,48831099999,VVNB"
Hanoi,2025-08-01,34.1,25,29.2,42.5,25,34.2,25.4,81.6,2.555,100,4.17,rain,0,0,22,25.9,308.4,998.9,67.3,10.7,122.9,10.7,5,30,2025-08-01T05:30:33,2025-08-01T18:35:16,0.25,"Rain, Partially cloudy",Partly cloudy throughout the day with late afternoon rain.,rain,"48820099999,48823099999,48825099999,48831099999,VVNB"
Hanoi,2025-08-02,36.4,27,31.6,47.1,30.6,40.1,26.2,73.8,0.1,100,4.17,rain,0,0,19.8,13,145.5,1000.3,62,10,244.3,21.1,8,60,2025-08-02T05:30:55,2025-08-02T18:34:45,0.27,"Rain, Partially cloudy",Partly cloudy throughout the day with afternoon rain.,rain,"48820099999,48823099999,48825099999,48831099999,VVNB"
Hanoi,2025-08-03,38.5,28,33.5,49,34.5,43.1,26.4,68.7,0,0,0,,0,0,32.8,13,207.9,999.6,72.1,10,294.4,25.4,9,75,2025-08-03T05:31:17,2025-08-03T18:34:13,0.3,Partially cloudy,Partly cloudy throughout the day.,partly-cloudy-day,"48820099999,48823099999,48825099999,48831099999,VVNB"
Hanoi,2025-08-04,38.5,30,34.4,49,36.4,43.3,25.5,61,0,0,0,,0,0,32.4,16.6,245.6,999.1,83.4,11.6,273.9,23.6,9,60,2025-08-04T05:31:39,2025-08-04T18:33:41,0.34,Partially cloudy,Partly cloudy throughout the day.,partly-cloudy-day,"48820099999,48823099999,48825099999,48831099999,VVNB"
Hanoi,2025-08-05,35.5,25,31.1,46.4,25,39.1,26.3,76.9,0.385,100,4.17,rain,0,0,23.4,18.4,18.2,1001.1,83.1,10.3,160.9,13.9,6,60,2025-08-05T05:32:01,2025-08-05T18:33:07,0.37,"Rain, Partially cloudy",Partly cloudy throughout the day with late afternoon rain.,rain,"48820099999,48823099999,48825099999,48831099999,VVNB"
Hanoi,2025-08-06,30,24,27.2,39.1,24,31.4,26,93.4,21.65,100,8.33,rain,0,0,31,31.7,96.8,1003.6,74.9,7.5,127.8,11.1,4,60,2025-08-06T05:32:23,2025-08-06T18:32:32,0.4,"Rain, Partially cloudy",Partly cloudy throughout the day with rain.,rain,"48820099999,48823099999,48825099999,48831099999,VVNB"
Hanoi,2025-08-07,31.1,24,27.5,39.7,24,31.7,25.2,87.9,43.133,100,4.17,rain,0,0,27.4,13,91.5,1006.2,64,9.9,205.2,17.8,8,75,2025-08-07T05:32:44,2025-08-07T18:31:56,0.43,"Rain, Partially cloudy",Partly cloudy throughout the day with late afternoon rain.,rain,"48820099999,48823099999,48825099999,48831099999,VVNB"
Hanoi,2025-08-08,36.4,27,31.4,46.3,31.2,39.7,26.4,76.4,0.2,100,4.17,rain,0,0,29.5,20.5,144.9,1006.1,51.5,10.8,273.7,23.7,9,60,2025-08-08T05:33:05,2025-08-08T18:31:20,0.46,"Rain, Partially cloudy",Partly cloudy throughout the day with afternoon rain.,rain,"48820099999,48823099999,48825099999,48831099999,VVNB,remote"
Hanoi,2025-08-09,36.3,28,32,46.3,34.5,40.8,26.3,73.6,0,0,0,,0,0,24.1,24.1,127.2,1005,52.6,11.5,282.1,24.5,9,75,2025-08-09T05:33:26,2025-08-09T18:30:42,0.5,Partially cloudy,Partly cloudy throughout the day.,partly-cloudy-day,"48820099999,48823099999,48825099999,48831099999,VVNB"
Hanoi,2025-08-10,32.5,26,29,44.5,26,36.5,26.7,87.6,2.074,100,8.33,rain,0,0,21.6,20.5,101.8,1004.9,64.7,10.2,272.7,23.5,9,60,2025-08-10T05:33:46,2025-08-10T18:30:04,0.53,"Rain, Partially cloudy",Partly cloudy throughout the day with rain.,rain,"48820099999,48823099999,48825099999,48831099999,VVNB"
Hanoi,2025-08-11,35,27,30.5,46.7,30.6,39.2,26.9,81.6,0.098,100,4.17,rain,0,0,25.9,14.8,92.5,1004.6,58.8,9.6,245.7,21.2,8,30,2025-08-11T05:34:07,2025-08-11T18:29:25,0.57,"Rain, Partially cloudy",Partly cloudy throughout the day with late afternoon rain.,rain,"48820099999,48823099999,48825099999,48831099999,VVNB"
Hanoi,2025-08-12,35,28,31,47.3,34.5,40.2,26.9,79.4,0.035,100,4.17,rain,0,0,22,20.5,114.8,1005.1,58.1,10.7,233.7,20.1,7,60,2025-08-12T05:34:27,2025-08-12T18:28:44,0.6,"Rain, Partially cloudy",Partly cloudy throughout the day with morning rain.,rain,"48820099999,48823099999,48825099999,48831099999,VVNB"
Hanoi,2025-08-13,34,26,30.6,45.7,26,39.5,27,81.9,1.902,100,8.33,rain,0,0,19.1,13,127.1,1005.8,68.3,9.6,196.4,16.9,8,60,2025-08-13T05:34:46,2025-08-13T18:28:03,0.64,"Rain, Partially cloudy",Partly cloudy throughout the day with rain.,rain,"48820099999,48823099999,48825099999,48831099999,VVNB"
Hanoi,2025-08-14,35,26.1,29.7,48.8,26.1,37.6,26.5,83.6,19.356,100,4.17,rain,0,0,20.9,14.8,45.4,1004,55.6,8.5,199.8,17.3,8,75,2025-08-14T05:35:06,2025-08-14T18:27:22,0.68,"Rain, Partially cloudy",Partly cloudy throughout the day with late afternoon rain.,rain,"48820099999,48823099999,48825099999,48831099999,VVNB"
Hanoi,2025-08-15,30.1,24,27.2,36.9,24,30.7,25,88,15.519,100,12.5,rain,0,0,26.6,16.6,73,1005.1,69.5,9.2,71.8,6.3,3,30,2025-08-15T05:35:25,2025-08-15T18:26:39,0.71,"Rain, Partially cloudy",Partly cloudy throughout the day with rain.,rain,"48820099999,48823099999,48825099999,48831099999,VVNB"
Hanoi,2025-08-16,30,25,26.7,36.2,25,28.2,24.6,88.8,17.607,100,12.5,rain,0,0,25.6,14.8,51.4,1007.7,75.8,9.3,95.2,8.2,5,30,2025-08-16T05:35:44,2025-08-16T18:25:55,0.75,"Rain, Partially cloudy",Partly cloudy throughout the day with rain.,rain,"48820099999,48823099999,48825099999,48831099999,VVNB"
Hanoi,2025-08-17,32,25,27.6,41.6,25,30.9,24.8,85.3,16.4,100,12.5,rain,0,0,36.4,16.6,305.4,1007.9,77.7,9.8,139.6,12.1,5,30,2025-08-17T05:36:03,2025-08-17T18:25:11,0.78,"Rain, Partially cloudy",Partly cloudy throughout the day with rain.,rain,"48820099999,48823099999,48825099999,48831099999,VVNB"
Hanoi,2025-08-18,31,24.7,27.2,37.7,24.7,29.6,24.7,87.2,25.449,100,8.33,rain,0,0,33.8,14.8,326.4,1006.1,91.5,9.8,92.2,8,3,10,2025-08-18T05:36:22,2025-08-18T18:24:26,0.82,"Rain, Overcast",Cloudy skies throughout the day with rain.,rain,"48820099999,48823099999,48825099999,48831099999,VVNB"
Hanoi,2025-08-19,30,25.6,27.1,36.2,25.6,29.7,25.2,89.9,12.94,100,16.67,rain,0,0,20.5,14.8,234.9,1005.6,86,9.3,50.8,4.3,2,10,2025-08-19T05:36:40,2025-08-19T18:23:40,0.85,"Rain, Partially cloudy",Partly cloudy throughout the day with a chance of rain throughout the day.,rain,"48820099999,48823099999,48825099999,48831099999,VVNB,remote"
Hanoi,2025-08-20,33.8,26.7,29.1,43.8,30.3,35.8,26.4,85.9,3.242,100,4.17,rain,0,0,28.8,18.4,142.3,1006.6,75.9,9.6,178.2,15.5,7,75,2025-08-20T05:36:58,2025-08-20T18:22:54,0.89,"Rain, Partially cloudy",Partly cloudy throughout the day with late afternoon rain.,rain,"48820099999,48823099999,48825099999,48831099999,VVNB"
Hanoi,2025-08-21,29.7,26,27.8,37.8,26,33.3,26.3,91.9,1.944,100,8.33,rain,0,0,27.7,22.3,86.6,1008,67.8,9.3,128.1,11.1,5,75,2025-08-21T05:37:16,2025-08-21T18:22:07,0.93,"Rain, Partially cloudy",Partly cloudy throughout the day with rain.,rain,"48820099999,48823099999,48825099999,48831099999,VVNB"
Hanoi,2025-08-22,33,27,29.5,42.1,31.2,35.9,25.9,82.2,3.7,100,29.17,rain,0,0,31.7,22.3,127.4,1008,57.2,9.6,132,11.3,5,75,2025-08-22T05:37:33,2025-08-22T18:21:19,0.96,"Rain, Partially cloudy",Partly cloudy throughout the day with rain.,rain,"48820099999,48823099999,48825099999,48831099999,VVNB"
Hanoi,2025-08-23,32,26,29.2,40.7,26,35,25.7,82.3,1.279,100,8.33,rain,0,0,24.5,16.6,66.1,1008.1,58.7,9.4,182.4,15.7,6,60,2025-08-23T05:37:50,2025-08-23T18:20:31,0,"Rain, Partially cloudy",Partly cloudy throughout the day with rain.,rain,"48820099999,48823099999,48825099999,48831099999,VVNB"
Hanoi,2025-08-24,34.5,24,27.1,43.5,24,29.7,24.8,87.7,0.926,100,8.33,rain,0,0,29.9,18.4,311.4,1007.2,52.7,9.5,216.1,18.7,8,60,2025-08-24T05:38:07,2025-08-24T18:19:42,0.03,"Rain, Partially cloudy",Partly cloudy throughout the day with rain.,rain,"48820099999,48823099999,48825099999,48831099999,VVNB"
Hanoi,2025-08-25,29,24,26.1,34.4,24,27.4,24,88.8,40.2,100,91.67,rain,0,0,52.9,24.1,4.2,1005.5,86.2,9.4,64.8,5.6,3,30,2025-08-25T05:38:24,2025-08-25T18:18:52,0.06,"Rain, Partially cloudy",Partly cloudy throughout the day with a chance of rain throughout the day.,rain,"48820099999,48823099999,48825099999,48831099999,VVNB"
Hanoi,2025-08-26,27,24,25.2,31,24,25.5,24.6,96.4,66.3,100,100,rain,0,0,52.6,24.1,52.3,1007,91.8,7.8,39.2,3.4,1,10,2025-08-26T05:38:41,2025-08-26T18:18:02,0.1,"Rain, Overcast",Cloudy skies throughout the day with a chance of rain throughout the day.,rain,VVNB
Hanoi,2025-08-27,29,24,26.2,34.4,24,27.9,24.6,91.5,13.8,100,79.17,rain,0,0,20.2,14.8,74.6,1007.9,76,8.9,45.5,4,2,30,2025-08-27T05:38:57,2025-08-27T18:17:11,0.13,"Rain, Partially cloudy",Partly cloudy throughout the day with a chance of rain throughout the day.,rain,VVNB
Hanoi,2025-08-28,33,25,28.5,40.5,25,32,24.6,80.7,16.7,100,62.5,rain,0,0,21.2,14.8,74,1007.6,58,9.7,180.4,15.6,8,30,2025-08-28T05:39:14,2025-08-28T18:16:20,0.16,"Rain, Partially cloudy",Partly cloudy throughout the day with a chance of rain throughout the day.,rain,VVNB
Hanoi,2025-08-29,32,25,27.2,40.5,25,29.7,25.1,88.8,9,100,75,rain,0,0,32,22.3,340.8,1008.8,76.8,8.8,180.4,15.6,8,30,2025-08-29T05:39:30,2025-08-29T18:15:28,0.19,"Rain, Partially cloudy",Partly cloudy throughout the day with a chance of rain throughout the day.,rain,VVNB
Hanoi,2025-08-30,32,25,27.5,42.1,25,30.6,25.1,87.1,18.8,100,100,rain,0,0,48.2,18.4,347.7,1007.8,77.4,9.9,97.3,8.3,5,30,2025-08-30T05:39:45,2025-08-30T18:14:35,0.22,"Rain, Partially cloudy",Partly cloudy throughout the day with a chance of rain throughout the day.,rain,VVNB
Hanoi,2025-08-31,33,25,27.9,40.5,25,31.6,25.1,85.6,23.3,100,83.33,rain,0,0,27.4,20.5,13.6,1008.3,73.6,9.8,85.5,7.3,4,60,2025-08-31T05:40:01,2025-08-31T18:13:43,0.25,"Rain, Partially cloudy",Partly cloudy throughout the day with a chance of rain throughout the day.,rain,VVNB
Hanoi,2025-09-01,32,26,28,40.5,26,31.7,25.5,87.3,2.7,100,50,rain,0,0,24.8,13,328.4,1007.1,70.3,10.2,164.8,14.2,6,60,2025-09-01T05:40:16,2025-09-01T18:12:49,0.29,"Rain, Partially cloudy",Partly cloudy throughout the day with a chance of rain throughout the day.,rain,"VVNB,remote"
Hanoi,2025-09-02,34,25,28.8,43.4,25,33.6,25.7,84.3,3.9,100,37.5,rain,0,0,25.2,18.4,112.8,1007,59.6,9.1,233,20.1,9,60,2025-09-02T05:40:32,2025-09-02T18:11:56,0.32,"Rain, Partially cloudy",Partly cloudy throughout the day with a chance of rain throughout the day.,rain,"VVNB,remote"
Hanoi,2025-09-03,34,27,30.2,42,31,36.7,25.8,78.5,0.1,100,4.17,rain,0,0,24.5,14.8,129,1007,59.9,9.6,249.3,21.5,8,60,2025-09-03T05:40:47,2025-09-03T18:11:02,0.35,"Rain, Partially cloudy",Partly cloudy throughout the day with morning rain.,rain,"VVNB,remote"
Hanoi,2025-09-04,35,26,30.5,44.8,26,36.6,25.4,75.1,0.1,100,4.17,rain,0,0,25.9,13,124.9,1006.6,35.7,10.5,265.7,23,9,60,2025-09-04T05:41:02,2025-09-04T18:10:07,0.39,"Rain, Partially cloudy",Partly cloudy throughout the day with morning rain.,rain,"VVNB,remote"
Hanoi,2025-09-05,34,27,30.8,43.4,31,38.1,25.9,76.1,0,0,0,,0,0,24.1,16.6,113.1,1006.8,61.2,9.7,272.3,23.4,9,60,2025-09-05T05:41:17,2025-09-05T18:09:13,0.42,Partially cloudy,Partly cloudy throughout the day.,partly-cloudy-day,VVNB
Hanoi,2025-09-06,35,27,31,43.4,31,38.2,25.8,75.1,0.5,100,4.17,rain,0,0,21.2,18.4,103.9,1007.3,64.5,9.6,237.1,20.4,8,60,2025-09-06T05:41:31,2025-09-06T18:08:17,0.45,"Rain, Partially cloudy",Partly cloudy throughout the day with afternoon rain.,rain,VVNB
Hanoi,2025-09-07,35,27,31,41.8,31,37.6,25.4,73.6,0.2,100,8.33,rain,0,0,15.8,7.6,63.4,1005.8,50.6,9.8,252.3,21.8,8,30,2025-09-07T05:41:46,2025-09-07T18:07:22,0.48,"Rain, Partially cloudy",Partly cloudy throughout the day with rain in the morning and afternoon.,rain,VVNB
Hanoi,2025-09-08,36,27,30.9,48.6,30.5,38.6,26.1,76.6,0,0,0,,0,0,15.8,16.6,17.2,1004.5,76.5,9,257.3,22.3,9,60,2025-09-08T05:42:01,2025-09-08T18:06:26,0.5,Partially cloudy,Partly cloudy throughout the day.,partly-cloudy-day,VVNB
Hanoi,2025-09-09,30,24,27.3,37.3,24,31,25.2,88.2,4.2,100,41.67,rain,0,0,22,31.7,74.2,1006.5,75.4,9.3,106.4,9.1,4,60,2025-09-09T05:42:15,2025-09-09T18:05:30,0.55,"Rain, Partially cloudy",Partly cloudy throughout the day with rain.,rain,VVNB
Hanoi,2025-09-10,33,25,28.8,42,25,33.5,25.2,81.5,5.9,100,37.5,rain,0,0,24.8,16.6,104.2,1007.8,82,9.2,170.7,14.8,7,60,2025-09-10T05:42:30,2025-09-10T18:04:34,0.59,"Rain, Partially cloudy",Partly cloudy throughout the day with rain.,rain,VVNB
Hanoi,2025-09-11,32,27,29,42.1,31,35.4,26.2,85.2,16.7,100,79.17,rain,0,0,24.1,24.1,112.7,1008.3,67.4,10.5,148.4,12.8,5,60,2025-09-11T05:42:44,2025-09-11T18:03:38,0.62,"Rain, Partially cloudy",Partly cloudy throughout the day with a chance of rain throughout the day.,rain,"VVNB,remote"
Hanoi,2025-09-12,33,26,29.2,44,26,35.2,26.1,84.3,8,100,50,rain,0,0,27.7,24.1,120.8,1009.3,61.6,11.8,176.5,15.4,8,60,2025-09-12T05:42:58,2025-09-12T18:02:41,0.66,"Rain, Partially cloudy",Partly cloudy throughout the day with a chance of rain throughout the day.,rain,"VVNB,remote"
Hanoi,2025-09-13,34,26,29.7,42,26,35.2,25.4,79.2,2.2,100,41.67,rain,0,0,25.2,20.5,112.1,1010.1,53.7,9.8,233.3,20.3,8,60,2025-09-13T05:43:12,2025-09-13T18:01:44,0.69,"Rain, Partially cloudy",Partly cloudy throughout the day with a chance of rain throughout the day.,rain,VVNB
Hanoi,2025-09-14,33,26,29.9,42,26,35.9,25.4,77.6,0.6,100,20.83,rain,0,0,22.3,14.8,95.5,1009.9,68.5,9.5,220.9,19,8,60,2025-09-14T05:43:27,2025-09-14T18:00:48,0.75,"Rain, Partially cloudy",Partly cloudy throughout the day with rain in the morning and afternoon.,rain,VVNB
Hanoi,2025-09-15,33,27,28.9,40.5,30,34.4,25.4,82.1,9.7,100,41.67,rain,0,0,30.6,22.3,115.3,1010.4,65.2,9.8,181.1,15.6,7,60,2025-09-15T05:43:41,2025-09-15T17:59:51,0.76,"Rain, Partially cloudy",Partly cloudy throughout the day with rain.,rain,VVNB
Hanoi,2025-09-16,35,25,29.5,41.8,25,33.9,24.6,76.2,6.8,100,66.67,rain,0,0,22.3,18.4,75,1010.3,64.8,10,209.4,17.9,8,60,2025-09-16T05:43:55,2025-09-16T17:58:54,0.8,"Rain, Partially cloudy",Partly cloudy throughout the day with a chance of rain throughout the day.,rain,VVNB
Hanoi,2025-09-17,32,26,27.5,39.1,26,29.9,24.8,86.3,5.7,100,54.17,rain,0,0,24.1,11.2,40.3,1009.3,71.8,9.9,179.8,15.4,8,30,2025-09-17T05:44:10,2025-09-17T17:57:56,0.84,"Rain, Partially cloudy",Partly cloudy throughout the day with a chance of rain throughout the day.,rain,VVNB
Hanoi,2025-09-18,34,25,28.1,41.8,25,31.5,25,84.5,6.5,100,70.83,rain,0,0,24.8,20.5,343.1,1008.9,64,9.5,159.5,13.8,6,10,2025-09-18T05:44:24,2025-09-18T17:56:59,0.87,"Rain, Partially cloudy",Partly cloudy throughout the day with a chance of rain throughout the day.,rain,VVNB
Hanoi,2025-09-19,35,25,29.5,41.8,25,33.9,24.8,77.5,1.8,100,45.83,rain,0,0,22,14.8,221.5,1008.5,63,9.7,185.9,16.1,7,30,2025-09-19T05:44:38,2025-09-19T17:56:02,0.91,"Rain, Partially cloudy",Partly cloudy throughout the day with a chance of rain throughout the day.,rain,VVNB
Hanoi,2025-09-20,35,27,30.9,43.2,30.5,36.8,24.9,71.8,0,0,0,,0,0,18,11.2,234,1006.7,46.8,10,244.6,21.3,8,30,2025-09-20T05:44:53,2025-09-20T17:55:05,0.94,Partially cloudy,Partly cloudy throughout the day.,partly-cloudy-day,VVNB
Hanoi,2025-09-21,34,27,29.2,45.1,30,35.4,25.8,82.3,6.2,100,37.5,rain,0,0,24.8,22.3,70.9,1005.7,58.1,8.4,200.1,17.3,7,30,2025-09-21T05:45:07,2025-09-21T17:54:08,0.98,"Rain, Partially cloudy",Partly cloudy throughout the day with rain.,rain,VVNB
Hanoi,2025-09-22,30,25,27.6,36.1,25,31.1,24.8,85.4,3.1,100,45.83,rain,0,0,19.4,18.4,58.9,1007.2,62.7,9,135,11.6,6,30,2025-09-22T05:45:22,2025-09-22T17:53:11,0,"Rain, Partially cloudy",Partly cloudy throughout the day with a chance of rain throughout the day.,rain,VVNB
Hanoi,2025-09-23,33,26,29.3,39.1,26,33.8,24.4,75.8,0.8,100,20.83,rain,0,0,26.6,16.6,352.5,1005.5,49.8,9.7,216.7,18.5,7,30,2025-09-23T05:45:37,2025-09-23T17:52:14,0.04,"Rain, Partially cloudy",Partly cloudy throughout the day with rain.,rain,VVNB
Hanoi,2025-09-24,35,26,30,40.5,26,33.8,23.4,69.5,0.1,100,4.17,rain,0,0,45.4,22.3,319.7,1002.8,77.1,9.9,239.3,20.7,9,10,2025-09-24T05:45:51,2025-09-24T17:51:17,0.08,"Rain, Partially cloudy",Partly cloudy throughout the day with early morning rain.,rain,VVNB
Hanoi,2025-09-25,28,25,26,30.6,25,26.8,23,84.2,17.5,100,41.67,rain,0,0,32.8,18.4,302,1003.2,96.2,9.5,30.8,2.7,1,10,2025-09-25T05:46:06,2025-09-25T17:50:20,0.11,"Rain, Overcast",Cloudy skies throughout the day with rain in the morning and afternoon.,rain,VVNB
Hanoi,2025-09-26,28,24,25.7,32.6,24,26.5,24,90.9,17.4,100,83.33,rain,0,0,35.3,11.2,315.8,1010.6,96,9.7,52.5,4.3,3,10,2025-09-26T05:46:22,2025-09-26T17:49:24,0.14,"Rain, Overcast",Cloudy skies throughout the day with a chance of rain throughout the day.,rain,VVNB
Hanoi,2025-09-27,35,25,29.3,41.8,25,33.3,24.5,77.1,18.8,100,79.17,rain,0,0,25.9,14.8,12.8,1011.9,67.3,10,224.3,19.4,8,30,2025-09-27T05:46:37,2025-09-27T17:48:27,0.18,"Rain, Partially cloudy",Partly cloudy throughout the day with a chance of rain throughout the day.,rain,VVNB
Hanoi,2025-09-28,32,25,27.2,39.1,25,29.4,24.4,85.4,28.8,100,75,rain,0,0,51.5,20.5,10.2,1009.2,64.2,9.7,119.6,10.3,7,30,2025-09-28T05:46:52,2025-09-28T17:47:31,0.21,"Rain, Partially cloudy",Partly cloudy throughout the day with a chance of rain throughout the day.,rain,VVNB
Hanoi,2025-09-29,27,25,26,31,25,27.1,24.2,90.1,110.5,100,83.33,rain,0,0,67.3,34.2,67.9,1005.7,89.8,9.2,7.4,0.4,0,10,2025-09-29T05:47:08,2025-09-29T17:46:35,0.24,"Rain, Partially cloudy",Partly cloudy throughout the day with a chance of rain throughout the day.,rain,"VVNB,remote"
Hanoi,2025-09-30,27.6,24,25.2,31.7,24,26.3,24.5,96.3,28.5,100,83.33,rain,0,0,46.4,25.9,116.3,1010,93,8,159.1,13.8,8,60,2025-09-30T05:47:24,2025-09-30T17:45:40,0.25,"Rain, Overcast",Cloudy skies throughout the day with a chance of rain throughout the day.,rain,"VVNB,remote"
