datetime,target_temp_t+3
2015-01-08,13.0
2015-01-09,15.2
2015-01-10,14.6
2015-01-11,14.5
2015-01-12,15.1
2015-01-13,15.8
2015-01-14,16.6
2015-01-15,17.7
2015-01-16,17.9
2015-01-17,17.3
2015-01-18,18.0
2015-01-19,18.7
2015-01-20,19.6
2015-01-21,21.1
2015-01-22,21.7
2015-01-23,21.5
2015-01-24,21.4
2015-01-25,21.9
2015-01-26,22.2
2015-01-27,18.7
2015-01-28,13.6
2015-01-29,12.8
2015-01-30,14.3
2015-01-31,16.5
2015-02-01,14.9
2015-02-02,12.7
2015-02-03,13.7
2015-02-04,13.9
2015-02-05,15.6
2015-02-06,15.6
2015-02-07,16.0
2015-02-08,15.6
2015-02-09,18.0
2015-02-10,17.7
2015-02-11,17.1
2015-02-12,20.0
2015-02-13,21.5
2015-02-14,20.6
2015-02-15,21.0
2015-02-16,21.4
2015-02-17,22.6
2015-02-18,23.6
2015-02-19,23.3
2015-02-20,23.7
2015-02-21,24.3
2015-02-22,24.7
2015-02-23,24.8
2015-02-24,24.5
2015-02-25,25.1
2015-02-26,21.1
2015-02-27,18.6
2015-02-28,21.9
2015-03-01,19.4
2015-03-02,19.5
2015-03-03,18.3
2015-03-04,16.2
2015-03-05,18.4
2015-03-06,20.3
2015-03-07,19.6
2015-03-08,17.9
2015-03-09,16.0
2015-03-10,17.2
2015-03-11,19.7
2015-03-12,22.6
2015-03-13,24.4
2015-03-14,25.3
2015-03-15,26.2
2015-03-16,26.1
2015-03-17,24.6
2015-03-18,24.5
2015-03-19,23.4
2015-03-20,23.0
2015-03-21,20.2
2015-03-22,19.7
2015-03-23,20.4
2015-03-24,22.0
2015-03-25,23.2
2015-03-26,24.6
2015-03-27,25.8
2015-03-28,26.5
2015-03-29,26.7
2015-03-30,27.8
2015-03-31,28.0
2015-04-01,27.9
2015-04-02,27.6
2015-04-03,25.8
2015-04-04,25.0
2015-04-05,19.5
2015-04-06,18.0
2015-04-07,17.4
2015-04-08,20.1
2015-04-09,23.3
2015-04-10,23.8
2015-04-11,23.4
2015-04-12,24.0
2015-04-13,23.9
2015-04-14,25.4
2015-04-15,27.4
2015-04-16,28.6
2015-04-17,29.6
2015-04-18,26.5
2015-04-19,22.3
2015-04-20,21.8
2015-04-21,23.5
2015-04-22,24.5
2015-04-23,25.5
2015-04-24,26.7
2015-04-25,27.2
2015-04-26,28.2
2015-04-27,28.5
2015-04-28,29.3
2015-04-29,30.0
2015-04-30,29.8
2015-05-01,30.3
2015-05-02,29.3
2015-05-03,30.4
2015-05-04,30.0
2015-05-05,30.8
2015-05-06,27.3
2015-05-07,28.7
2015-05-08,29.9
2015-05-09,27.0
2015-05-10,28.8
2015-05-11,30.2
2015-05-12,30.8
2015-05-13,27.3
2015-05-14,28.5
2015-05-15,30.8
2015-05-16,31.0
2015-05-17,30.8
2015-05-18,28.0
2015-05-19,30.4
2015-05-20,29.9
2015-05-21,27.4
2015-05-22,30.5
2015-05-23,32.2
2015-05-24,32.7
2015-05-25,33.2
2015-05-26,33.7
2015-05-27,33.5
2015-05-28,30.1
2015-05-29,30.5
2015-05-30,29.9
2015-05-31,30.4
2015-06-01,31.1
2015-06-02,28.0
2015-06-03,27.8
2015-06-04,27.4
2015-06-05,28.9
2015-06-06,30.3
2015-06-07,30.4
2015-06-08,28.9
2015-06-09,28.3
2015-06-10,30.0
2015-06-11,29.6
2015-06-12,28.8
2015-06-13,30.8
2015-06-14,31.2
2015-06-15,31.4
2015-06-16,31.3
2015-06-17,29.1
2015-06-18,30.9
2015-06-19,30.0
2015-06-20,30.8
2015-06-21,27.8
2015-06-22,29.3
2015-06-23,32.0
2015-06-24,32.9
2015-06-25,33.0
2015-06-26,33.9
2015-06-27,34.4
2015-06-28,34.7
2015-06-29,34.5
2015-06-30,34.6
2015-07-01,31.4
2015-07-02,27.4
2015-07-03,28.7
2015-07-04,29.9
2015-07-05,29.9
2015-07-06,30.7
2015-07-07,30.4
2015-07-08,28.0
2015-07-09,31.1
2015-07-10,32.0
2015-07-11,32.1
2015-07-12,31.3
2015-07-13,29.2
2015-07-14,29.9
2015-07-15,29.6
2015-07-16,29.6
2015-07-17,28.9
2015-07-18,28.6
2015-07-19,30.9
2015-07-20,30.4
2015-07-21,28.3
2015-07-22,27.8
2015-07-23,27.7
2015-07-24,28.4
2015-07-25,27.9
2015-07-26,26.1
2015-07-27,26.8
2015-07-28,26.6
2015-07-29,25.0
2015-07-30,24.8
2015-07-31,25.4
2015-08-01,25.5
2015-08-02,26.9
2015-08-03,27.8
2015-08-04,29.2
2015-08-05,30.6
2015-08-06,30.5
2015-08-07,31.2
2015-08-08,30.5
2015-08-09,30.5
2015-08-10,29.2
2015-08-11,30.9
2015-08-12,31.9
2015-08-13,32.3
2015-08-14,32.7
2015-08-15,32.2
2015-08-16,30.5
2015-08-17,28.6
2015-08-18,31.0
2015-08-19,31.4
2015-08-20,31.8
2015-08-21,31.7
2015-08-22,31.6
2015-08-23,29.5
2015-08-24,29.7
2015-08-25,29.6
2015-08-26,27.9
2015-08-27,27.4
2015-08-28,28.5
2015-08-29,28.7
2015-08-30,28.6
2015-08-31,26.5
2015-09-01,27.4
2015-09-02,30.1
2015-09-03,31.2
2015-09-04,30.1
2015-09-05,26.5
2015-09-06,26.9
2015-09-07,27.7
2015-09-08,29.2
2015-09-09,28.4
2015-09-10,25.4
2015-09-11,27.1
2015-09-12,25.4
2015-09-13,27.1
2015-09-14,27.4
2015-09-15,25.8
2015-09-16,28.7
2015-09-17,29.3
2015-09-18,26.8
2015-09-19,25.9
2015-09-20,28.0
2015-09-21,29.9
2015-09-22,30.5
2015-09-23,28.6
2015-09-24,29.6
2015-09-25,30.3
2015-09-26,30.8
2015-09-27,29.9
2015-09-28,29.6
2015-09-29,27.6
2015-09-30,28.6
2015-10-01,28.9
2015-10-02,27.4
2015-10-03,27.4
2015-10-04,29.0
2015-10-05,26.8
2015-10-06,24.4
2015-10-07,20.2
2015-10-08,23.0
2015-10-09,22.6
2015-10-10,23.7
2015-10-11,23.9
2015-10-12,26.4
2015-10-13,27.0
2015-10-14,27.2
2015-10-15,27.2
2015-10-16,26.9
2015-10-17,27.3
2015-10-18,27.4
2015-10-19,27.5
2015-10-20,26.9
2015-10-21,26.7
2015-10-22,26.8
2015-10-23,27.3
2015-10-24,27.8
2015-10-25,28.3
2015-10-26,28.3
2015-10-27,27.9
2015-10-28,25.4
2015-10-29,20.8
2015-10-30,22.7
2015-10-31,23.7
2015-11-01,24.7
2015-11-02,25.5
2015-11-03,26.8
2015-11-04,25.8
2015-11-05,25.7
2015-11-06,25.8
2015-11-07,25.8
2015-11-08,26.3
2015-11-09,27.2
2015-11-10,21.9
2015-11-11,21.9
2015-11-12,25.9
2015-11-13,28.3
2015-11-14,29.0
2015-11-15,28.1
2015-11-16,27.5
2015-11-17,25.4
2015-11-18,24.2
2015-11-19,25.4
2015-11-20,25.6
2015-11-21,24.8
2015-11-22,21.9
2015-11-23,17.0
2015-11-24,19.5
2015-11-25,19.9
2015-11-26,20.8
2015-11-27,21.2
2015-11-28,24.4
2015-11-29,25.7
2015-11-30,20.6
2015-12-01,16.7
2015-12-02,16.4
2015-12-03,17.3
2015-12-04,16.7
2015-12-05,16.8
2015-12-06,18.1
2015-12-07,18.9
2015-12-08,18.9
2015-12-09,20.1
2015-12-10,23.2
2015-12-11,20.7
2015-12-12,17.4
2015-12-13,15.1
2015-12-14,14.9
2015-12-15,14.8
2015-12-16,16.1
2015-12-17,17.6
2015-12-18,19.4
2015-12-19,20.6
2015-12-20,21.4
2015-12-21,22.9
2015-12-22,17.9
2015-12-23,14.1
2015-12-24,16.6
2015-12-25,17.8
2015-12-26,15.5
2015-12-27,15.5
2015-12-28,16.7
2015-12-29,17.4
2015-12-30,19.2
2015-12-31,20.6
2016-01-01,21.1
2016-01-02,21.8
2016-01-03,22.4
2016-01-04,21.7
2016-01-05,21.2
2016-01-06,21.5
2016-01-07,24.3
2016-01-08,21.5
2016-01-09,17.8
2016-01-10,17.2
2016-01-11,16.3
2016-01-12,16.0
2016-01-13,15.8
2016-01-14,19.4
2016-01-15,18.1
2016-01-16,17.2
2016-01-17,17.6
2016-01-18,18.3
2016-01-19,15.6
2016-01-20,11.1
2016-01-21,7.0
2016-01-22,9.2
2016-01-23,7.2
2016-01-24,9.7
2016-01-25,12.6
2016-01-26,15.8
2016-01-27,15.3
2016-01-28,15.6
2016-01-29,14.6
2016-01-30,13.4
2016-01-31,13.3
2016-02-01,12.7
2016-02-02,14.4
2016-02-03,16.3
2016-02-04,14.8
2016-02-05,15.0
2016-02-06,15.5
2016-02-07,17.4
2016-02-08,20.3
2016-02-09,22.2
2016-02-10,23.8
2016-02-11,23.4
2016-02-12,15.5
2016-02-13,14.0
2016-02-14,15.3
2016-02-15,16.4
2016-02-16,16.7
2016-02-17,18.3
2016-02-18,18.3
2016-02-19,18.0
2016-02-20,16.2
2016-02-21,14.2
2016-02-22,13.9
2016-02-23,13.9
2016-02-24,14.9
2016-02-25,17.7
2016-02-26,19.3
2016-02-27,19.1
2016-02-28,19.6
2016-02-29,20.5
2016-03-01,20.0
2016-03-02,19.6
2016-03-03,20.9
2016-03-04,20.7
2016-03-05,21.9
2016-03-06,22.9
2016-03-07,20.2
2016-03-08,16.2
2016-03-09,15.3
2016-03-10,16.9
2016-03-11,19.0
2016-03-12,18.0
2016-03-13,19.1
2016-03-14,20.5
2016-03-15,22.3
2016-03-16,22.4
2016-03-17,23.5
2016-03-18,23.3
2016-03-19,22.9
2016-03-20,23.9
2016-03-21,18.0
2016-03-22,18.5
2016-03-23,18.2
2016-03-24,18.5
2016-03-25,18.5
2016-03-26,18.9
2016-03-27,20.5
2016-03-28,20.8
2016-03-29,21.4
2016-03-30,22.4
2016-03-31,23.9
2016-04-01,24.9
2016-04-02,24.3
2016-04-03,24.1
2016-04-04,24.5
2016-04-05,24.1
2016-04-06,24.6
2016-04-07,25.9
2016-04-08,26.4
2016-04-09,26.6
2016-04-10,26.7
2016-04-11,27.0
2016-04-12,26.9
2016-04-13,27.2
2016-04-14,26.5
2016-04-15,22.5
2016-04-16,23.8
2016-04-17,24.2
2016-04-18,24.5
2016-04-19,22.8
2016-04-20,24.9
2016-04-21,26.0
2016-04-22,26.4
2016-04-23,27.8
2016-04-24,27.4
2016-04-25,27.9
2016-04-26,26.0
2016-04-27,26.9
2016-04-28,26.8
2016-04-29,28.3
2016-04-30,28.3
2016-05-01,28.7
2016-05-02,29.4
2016-05-03,29.6
2016-05-04,29.4
2016-05-05,28.8
2016-05-06,29.4
2016-05-07,27.5
2016-05-08,28.4
2016-05-09,27.4
2016-05-10,27.7
2016-05-11,28.0
2016-05-12,27.4
2016-05-13,26.9
2016-05-14,26.2
2016-05-15,27.3
2016-05-16,29.3
2016-05-17,30.3
2016-05-18,29.0
2016-05-19,27.8
2016-05-20,28.2
2016-05-21,25.9
2016-05-22,26.8
2016-05-23,28.9
2016-05-24,29.0
2016-05-25,28.9
2016-05-26,28.9
2016-05-27,27.9
2016-05-28,31.0
2016-05-29,32.6
2016-05-30,33.3
2016-05-31,33.3
2016-06-01,31.4
2016-06-02,30.0
2016-06-03,30.1
2016-06-04,29.1
2016-06-05,28.2
2016-06-06,30.0
2016-06-07,30.1
2016-06-08,32.3
2016-06-09,32.9
2016-06-10,33.1
2016-06-11,33.9
2016-06-12,34.0
2016-06-13,27.2
2016-06-14,29.2
2016-06-15,29.5
2016-06-16,29.8
2016-06-17,30.8
2016-06-18,31.1
2016-06-19,30.7
2016-06-20,29.4
2016-06-21,30.3
2016-06-22,30.7
2016-06-23,31.3
2016-06-24,29.6
2016-06-25,30.9
2016-06-26,29.5
2016-06-27,28.3
2016-06-28,30.1
2016-06-29,29.0
2016-06-30,30.0
2016-07-01,30.7
2016-07-02,27.9
2016-07-03,27.0
2016-07-04,28.4
2016-07-05,30.2
2016-07-06,31.9
2016-07-07,33.0
2016-07-08,32.6
2016-07-09,28.6
2016-07-10,28.9
2016-07-11,28.7
2016-07-12,30.1
2016-07-13,31.3
2016-07-14,30.9
2016-07-15,32.7
2016-07-16,31.5
2016-07-17,31.3
2016-07-18,30.6
2016-07-19,29.5
2016-07-20,29.9
2016-07-21,29.8
2016-07-22,31.8
2016-07-23,32.2
2016-07-24,29.9
2016-07-25,25.8
2016-07-26,28.1
2016-07-27,28.9
2016-07-28,30.7
2016-07-29,31.8
2016-07-30,31.8
2016-07-31,27.2
2016-08-01,27.8
2016-08-02,28.8
2016-08-03,30.5
2016-08-04,31.2
2016-08-05,31.1
2016-08-06,31.7
2016-08-07,30.1
2016-08-08,29.1
2016-08-09,28.8
2016-08-10,28.1
2016-08-11,27.3
2016-08-12,27.7
2016-08-13,28.1
2016-08-14,28.8
2016-08-15,29.1
2016-08-16,27.0
2016-08-17,27.7
2016-08-18,28.7
2016-08-19,27.2
2016-08-20,28.5
2016-08-21,30.2
2016-08-22,31.3
2016-08-23,31.4
2016-08-24,29.3
2016-08-25,26.0
2016-08-26,27.3
2016-08-27,28.9
2016-08-28,30.2
2016-08-29,30.0
2016-08-30,28.5
2016-08-31,30.0
2016-09-01,30.0
2016-09-02,29.9
2016-09-03,27.7
2016-09-04,27.1
2016-09-05,27.7
2016-09-06,29.9
2016-09-07,27.4
2016-09-08,26.2
2016-09-09,27.0
2016-09-10,28.4
2016-09-11,29.8
2016-09-12,29.9
2016-09-13,30.2
2016-09-14,29.7
2016-09-15,29.6
2016-09-16,30.1
2016-09-17,29.0
2016-09-18,29.3
2016-09-19,28.5
2016-09-20,28.2
2016-09-21,26.5
2016-09-22,28.1
2016-09-23,29.3
2016-09-24,30.5
2016-09-25,30.9
2016-09-26,30.8
2016-09-27,29.2
2016-09-28,28.1
2016-09-29,28.2
2016-09-30,28.9
2016-10-01,29.8
2016-10-02,28.0
2016-10-03,29.1
2016-10-04,28.5
2016-10-05,28.8
2016-10-06,29.5
2016-10-07,28.9
2016-10-08,28.5
2016-10-09,29.1
2016-10-10,25.7
2016-10-11,25.9
2016-10-12,24.5
2016-10-13,27.7
2016-10-14,28.8
2016-10-15,28.9
2016-10-16,27.9
2016-10-17,28.2
2016-10-18,28.7
2016-10-19,29.6
2016-10-20,29.0
2016-10-21,28.9
2016-10-22,26.3
2016-10-23,27.8
2016-10-24,28.2
2016-10-25,28.1
2016-10-26,27.7
2016-10-27,22.3
2016-10-28,21.5
2016-10-29,22.2
2016-10-30,22.1
2016-10-31,22.8
2016-11-01,23.3
2016-11-02,24.3
2016-11-03,25.1
2016-11-04,25.5
2016-11-05,23.4
2016-11-06,16.9
2016-11-07,16.2
2016-11-08,19.2
2016-11-09,21.8
2016-11-10,24.2
2016-11-11,26.1
2016-11-12,26.8
2016-11-13,26.1
2016-11-14,25.6
2016-11-15,25.7
2016-11-16,26.5
2016-11-17,26.8
2016-11-18,27.4
2016-11-19,27.4
2016-11-20,26.6
2016-11-21,18.5
2016-11-22,18.3
2016-11-23,18.4
2016-11-24,19.4
2016-11-25,18.7
2016-11-26,19.4
2016-11-27,20.9
2016-11-28,19.8
2016-11-29,21.3
2016-11-30,21.9
2016-12-01,22.9
2016-12-02,23.2
2016-12-03,23.3
2016-12-04,20.2
2016-12-05,20.3
2016-12-06,20.6
2016-12-07,20.4
2016-12-08,20.8
2016-12-09,23.6
2016-12-10,24.8
2016-12-11,21.9
2016-12-12,17.2
2016-12-13,18.1
2016-12-14,18.4
2016-12-15,19.3
2016-12-16,21.2
2016-12-17,23.1
2016-12-18,24.6
2016-12-19,21.3
2016-12-20,21.3
2016-12-21,21.6
2016-12-22,23.1
2016-12-23,24.1
2016-12-24,19.3
2016-12-25,17.3
2016-12-26,17.4
2016-12-27,17.8
2016-12-28,18.6
2016-12-29,18.0
2016-12-30,20.0
2016-12-31,22.5
2017-01-01,22.4
2017-01-02,20.5
2017-01-03,21.1
2017-01-04,22.6
2017-01-05,22.5
2017-01-06,22.8
2017-01-07,20.8
2017-01-08,20.3
2017-01-09,14.4
2017-01-10,14.7
2017-01-11,16.2
2017-01-12,16.7
2017-01-13,15.9
2017-01-14,16.5
2017-01-15,17.7
2017-01-16,19.0
2017-01-17,17.9
2017-01-18,15.7
2017-01-19,17.2
2017-01-20,17.8
2017-01-21,18.8
2017-01-22,21.3
2017-01-23,20.8
2017-01-24,20.1
2017-01-25,20.6
2017-01-26,21.0
2017-01-27,21.3
2017-01-28,20.4
2017-01-29,20.9
2017-01-30,21.2
2017-01-31,20.7
2017-02-01,21.1
2017-02-02,21.0
2017-02-03,20.4
2017-02-04,22.0
2017-02-05,21.5
2017-02-06,17.3
2017-02-07,15.9
2017-02-08,15.8
2017-02-09,16.8
2017-02-10,17.4
2017-02-11,18.0
2017-02-12,19.0
2017-02-13,21.7
2017-02-14,22.0
2017-02-15,22.0
2017-02-16,21.6
2017-02-17,22.7
2017-02-18,23.7
2017-02-19,25.2
2017-02-20,20.3
2017-02-21,15.9
2017-02-22,14.5
2017-02-23,17.0
2017-02-24,18.6
2017-02-25,18.3
2017-02-26,16.6
2017-02-27,19.7
2017-02-28,20.2
2017-03-01,21.4
2017-03-02,22.8
2017-03-03,22.0
2017-03-04,17.3
2017-03-05,16.6
2017-03-06,16.7
2017-03-07,19.1
2017-03-08,20.4
2017-03-09,22.5
2017-03-10,24.1
2017-03-11,24.7
2017-03-12,19.6
2017-03-13,20.1
2017-03-14,20.4
2017-03-15,23.1
2017-03-16,23.9
2017-03-17,24.9
2017-03-18,24.9
2017-03-19,25.5
2017-03-20,26.2
2017-03-21,26.0
2017-03-22,22.3
2017-03-23,18.9
2017-03-24,19.2
2017-03-25,20.9
2017-03-26,22.1
2017-03-27,24.4
2017-03-28,21.1
2017-03-29,21.6
2017-03-30,21.6
2017-03-31,22.8
2017-04-01,23.1
2017-04-02,23.4
2017-04-03,24.7
2017-04-04,25.2
2017-04-05,25.0
2017-04-06,26.4
2017-04-07,27.6
2017-04-08,28.7
2017-04-09,22.9
2017-04-10,23.5
2017-04-11,23.7
2017-04-12,24.7
2017-04-13,25.9
2017-04-14,26.3
2017-04-15,22.5
2017-04-16,26.2
2017-04-17,28.9
2017-04-18,27.8
2017-04-19,22.7
2017-04-20,21.4
2017-04-21,22.7
2017-04-22,25.3
2017-04-23,27.1
2017-04-24,23.7
2017-04-25,24.0
2017-04-26,25.0
2017-04-27,24.8
2017-04-28,28.0
2017-04-29,28.6
2017-04-30,28.8
2017-05-01,29.5
2017-05-02,28.1
2017-05-03,26.9
2017-05-04,28.4
2017-05-05,29.0
2017-05-06,28.0
2017-05-07,28.5
2017-05-08,28.6
2017-05-09,26.0
2017-05-10,27.4
2017-05-11,28.3
2017-05-12,28.1
2017-05-13,28.9
2017-05-14,25.5
2017-05-15,22.3
2017-05-16,21.7
2017-05-17,26.0
2017-05-18,26.6
2017-05-19,29.0
2017-05-20,30.1
2017-05-21,27.6
2017-05-22,26.8
2017-05-23,27.5
2017-05-24,27.4
2017-05-25,28.0
2017-05-26,28.6
2017-05-27,29.0
2017-05-28,29.9
2017-05-29,32.3
2017-05-30,34.3
2017-05-31,35.3
2017-06-01,35.5
2017-06-02,34.6
2017-06-03,30.0
2017-06-04,26.3
2017-06-05,29.0
2017-06-06,29.1
2017-06-07,29.0
2017-06-08,29.7
2017-06-09,30.2
2017-06-10,28.7
2017-06-11,27.9
2017-06-12,29.8
2017-06-13,30.6
2017-06-14,27.6
2017-06-15,27.7
2017-06-16,28.4
2017-06-17,28.8
2017-06-18,30.1
2017-06-19,30.8
2017-06-20,30.5
2017-06-21,31.0
2017-06-22,29.4
2017-06-23,29.1
2017-06-24,29.9
2017-06-25,28.2
2017-06-26,27.5
2017-06-27,28.9
2017-06-28,29.8
2017-06-29,29.9
2017-06-30,28.8
2017-07-01,28.6
2017-07-02,28.7
2017-07-03,29.2
2017-07-04,28.7
2017-07-05,27.5
2017-07-06,29.4
2017-07-07,28.4
2017-07-08,27.4
2017-07-09,27.4
2017-07-10,28.3
2017-07-11,28.5
2017-07-12,27.8
2017-07-13,28.5
2017-07-14,26.6
2017-07-15,27.3
2017-07-16,27.3
2017-07-17,26.6
2017-07-18,27.0
2017-07-19,28.3
2017-07-20,29.4
2017-07-21,29.3
2017-07-22,27.9
2017-07-23,29.5
2017-07-24,30.7
2017-07-25,30.3
2017-07-26,31.2
2017-07-27,32.4
2017-07-28,31.9
2017-07-29,29.1
2017-07-30,29.3
2017-07-31,27.7
2017-08-01,27.6
2017-08-02,27.9
2017-08-03,30.0
2017-08-04,30.9
2017-08-05,32.2
2017-08-06,32.5
2017-08-07,30.4
2017-08-08,32.0
2017-08-09,31.2
2017-08-10,30.8
2017-08-11,30.0
2017-08-12,26.1
2017-08-13,26.8
2017-08-14,26.1
2017-08-15,27.0
2017-08-16,28.2
2017-08-17,29.7
2017-08-18,30.1
2017-08-19,31.1
2017-08-20,30.0
2017-08-21,26.5
2017-08-22,27.6
2017-08-23,27.7
2017-08-24,28.7
2017-08-25,29.4
2017-08-26,26.8
2017-08-27,26.4
2017-08-28,29.3
2017-08-29,29.9
2017-08-30,30.7
2017-08-31,29.0
2017-09-01,28.4
2017-09-02,29.2
2017-09-03,29.4
2017-09-04,28.0
2017-09-05,27.2
2017-09-06,27.6
2017-09-07,27.7
2017-09-08,27.7
2017-09-09,28.2
2017-09-10,29.3
2017-09-11,29.1
2017-09-12,27.5
2017-09-13,25.4
2017-09-14,28.3
2017-09-15,30.1
2017-09-16,30.8
2017-09-17,29.6
2017-09-18,29.8
2017-09-19,28.5
2017-09-20,28.7
2017-09-21,29.8
2017-09-22,27.3
2017-09-23,28.5
2017-09-24,29.5
2017-09-25,30.3
2017-09-26,28.8
2017-09-27,28.0
2017-09-28,29.0
2017-09-29,29.2
2017-09-30,27.0
2017-10-01,27.3
2017-10-02,27.0
2017-10-03,27.1
2017-10-04,25.9
2017-10-05,27.4
2017-10-06,28.3
2017-10-07,26.9
2017-10-08,25.7
2017-10-09,26.6
2017-10-10,25.9
2017-10-11,26.7
2017-10-12,26.4
2017-10-13,21.9
2017-10-14,21.6
2017-10-15,20.9
2017-10-16,23.6
2017-10-17,25.9
2017-10-18,25.5
2017-10-19,24.7
2017-10-20,24.0
2017-10-21,23.7
2017-10-22,25.0
2017-10-23,25.5
2017-10-24,25.9
2017-10-25,26.6
2017-10-26,25.9
2017-10-27,23.2
2017-10-28,22.2
2017-10-29,22.3
2017-10-30,23.4
2017-10-31,24.6
2017-11-01,25.0
2017-11-02,22.6
2017-11-03,22.8
2017-11-04,22.0
2017-11-05,24.1
2017-11-06,22.0
2017-11-07,24.7
2017-11-08,25.6
2017-11-09,25.1
2017-11-10,25.9
2017-11-11,26.2
2017-11-12,25.9
2017-11-13,26.3
2017-11-14,27.7
2017-11-15,25.4
2017-11-16,20.3
2017-11-17,19.4
2017-11-18,18.3
2017-11-19,18.1
2017-11-20,17.5
2017-11-21,15.4
2017-11-22,15.1
2017-11-23,17.4
2017-11-24,18.7
2017-11-25,21.8
2017-11-26,22.5
2017-11-27,23.7
2017-11-28,21.8
2017-11-29,20.7
2017-11-30,20.5
2017-12-01,21.3
2017-12-02,20.1
2017-12-03,19.8
2017-12-04,19.8
2017-12-05,18.7
2017-12-06,17.5
2017-12-07,17.3
2017-12-08,17.3
2017-12-09,15.3
2017-12-10,15.7
2017-12-11,16.4
2017-12-12,16.7
2017-12-13,17.7
2017-12-14,15.3
2017-12-15,14.7
2017-12-16,15.6
2017-12-17,15.3
2017-12-18,16.8
2017-12-19,17.1
2017-12-20,16.8
2017-12-21,18.8
2017-12-22,17.4
2017-12-23,17.0
2017-12-24,15.2
2017-12-25,16.0
2017-12-26,17.7
2017-12-27,18.1
2017-12-28,17.6
2017-12-29,17.4
2017-12-30,17.6
2017-12-31,19.4
2018-01-01,19.6
2018-01-02,20.5
2018-01-03,20.3
2018-01-04,20.4
2018-01-05,17.5
2018-01-06,11.9
2018-01-07,13.9
2018-01-08,14.6
2018-01-09,15.3
2018-01-10,15.4
2018-01-11,15.7
2018-01-12,17.1
2018-01-13,17.6
2018-01-14,19.5
2018-01-15,19.4
2018-01-16,21.8
2018-01-17,19.9
2018-01-18,20.7
2018-01-19,21.4
2018-01-20,21.4
2018-01-21,21.6
2018-01-22,23.2
2018-01-23,21.3
2018-01-24,17.9
2018-01-25,14.6
2018-01-26,12.2
2018-01-27,11.3
2018-01-28,11.9
2018-01-29,14.0
2018-01-30,13.8
2018-01-31,14.2
2018-02-01,13.8
2018-02-02,12.7
2018-02-03,13.3
2018-02-04,13.8
2018-02-05,14.7
2018-02-06,15.2
2018-02-07,16.8
2018-02-08,15.7
2018-02-09,14.2
2018-02-10,15.9
2018-02-11,17.7
2018-02-12,19.7
2018-02-13,20.7
2018-02-14,21.3
2018-02-15,20.4
2018-02-16,21.6
2018-02-17,22.6
2018-02-18,22.7
2018-02-19,18.5
2018-02-20,15.8
2018-02-21,16.8
2018-02-22,18.3
2018-02-23,19.2
2018-02-24,19.8
2018-02-25,22.1
2018-02-26,23.2
2018-02-27,23.1
2018-02-28,24.1
2018-03-01,25.2
2018-03-02,25.7
2018-03-03,25.3
2018-03-04,24.7
2018-03-05,19.3
2018-03-06,19.3
2018-03-07,18.4
2018-03-08,18.8
2018-03-09,18.9
2018-03-10,19.8
2018-03-11,21.5
2018-03-12,23.2
2018-03-13,22.7
2018-03-14,23.6
2018-03-15,22.8
2018-03-16,24.6
2018-03-17,22.7
2018-03-18,20.7
2018-03-19,20.4
2018-03-20,21.1
2018-03-21,21.8
2018-03-22,21.9
2018-03-23,22.8
2018-03-24,23.3
2018-03-25,23.6
2018-03-26,24.4
2018-03-27,24.5
2018-03-28,24.4
2018-03-29,24.7
2018-03-30,24.9
2018-03-31,24.7
2018-04-01,24.7
2018-04-02,24.9
2018-04-03,21.4
2018-04-04,19.7
2018-04-05,19.7
2018-04-06,21.2
2018-04-07,22.5
2018-04-08,24.1
2018-04-09,25.0
2018-04-10,25.2
2018-04-11,25.4
2018-04-12,21.7
2018-04-13,20.7
2018-04-14,22.7
2018-04-15,23.1
2018-04-16,23.8
2018-04-17,25.8
2018-04-18,26.9
2018-04-19,26.8
2018-04-20,27.0
2018-04-21,27.2
2018-04-22,24.0
2018-04-23,25.2
2018-04-24,23.5
2018-04-25,24.4
2018-04-26,25.3
2018-04-27,27.2
2018-04-28,28.4
2018-04-29,26.2
2018-04-30,26.2
2018-05-01,27.8
2018-05-02,27.8
2018-05-03,29.2
2018-05-04,31.3
2018-05-05,30.5
2018-05-06,29.7
2018-05-07,27.6
2018-05-08,27.9
2018-05-09,27.1
2018-05-10,26.6
2018-05-11,28.9
2018-05-12,29.4
2018-05-13,30.4
2018-05-14,30.6
2018-05-15,29.6
2018-05-16,28.7
2018-05-17,29.9
2018-05-18,29.2
2018-05-19,29.7
2018-05-20,30.0
2018-05-21,30.2
2018-05-22,31.5
2018-05-23,31.3
2018-05-24,28.4
2018-05-25,25.5
2018-05-26,28.2
2018-05-27,29.6
2018-05-28,29.6
2018-05-29,27.0
2018-05-30,27.9
2018-05-31,29.3
2018-06-01,29.5
2018-06-02,28.4
2018-06-03,30.7
2018-06-04,31.5
2018-06-05,31.7
2018-06-06,29.7
2018-06-07,30.2
2018-06-08,29.1
2018-06-09,30.6
2018-06-10,31.8
2018-06-11,30.6
2018-06-12,27.3
2018-06-13,28.3
2018-06-14,28.1
2018-06-15,30.0
2018-06-16,31.1
2018-06-17,30.9
2018-06-18,31.5
2018-06-19,33.1
2018-06-20,32.7
2018-06-21,30.8
2018-06-22,28.8
2018-06-23,28.2
2018-06-24,26.0
2018-06-25,29.8
2018-06-26,31.5
2018-06-27,32.4
2018-06-28,33.1
2018-06-29,33.7
2018-06-30,34.5
2018-07-01,34.7
2018-07-02,34.4
2018-07-03,33.3
2018-07-04,29.8
2018-07-05,28.9
2018-07-06,29.0
2018-07-07,28.9
2018-07-08,30.2
2018-07-09,31.6
2018-07-10,29.1
2018-07-11,27.7
2018-07-12,26.9
2018-07-13,29.0
2018-07-14,28.2
2018-07-15,28.0
2018-07-16,27.0
2018-07-17,27.0
2018-07-18,26.4
2018-07-19,30.0
2018-07-20,30.1
2018-07-21,30.1
2018-07-22,28.9
2018-07-23,27.8
2018-07-24,26.7
2018-07-25,27.3
2018-07-26,27.7
2018-07-27,28.0
2018-07-28,27.8
2018-07-29,28.2
2018-07-30,28.1
2018-07-31,28.4
2018-08-01,27.2
2018-08-02,27.1
2018-08-03,29.1
2018-08-04,28.1
2018-08-05,29.1
2018-08-06,29.0
2018-08-07,30.1
2018-08-08,30.2
2018-08-09,29.0
2018-08-10,30.5
2018-08-11,30.9
2018-08-12,28.1
2018-08-13,27.3
2018-08-14,26.9
2018-08-15,27.3
2018-08-16,29.4
2018-08-17,30.9
2018-08-18,29.3
2018-08-19,29.9
2018-08-20,29.7
2018-08-21,29.5
2018-08-22,29.2
2018-08-23,29.7
2018-08-24,29.0
2018-08-25,26.1
2018-08-26,25.6
2018-08-27,26.3
2018-08-28,29.3
2018-08-29,30.0
2018-08-30,27.8
2018-08-31,26.2
2018-09-01,28.9
2018-09-02,30.4
2018-09-03,31.1
2018-09-04,29.7
2018-09-05,27.9
2018-09-06,27.8
2018-09-07,27.5
2018-09-08,28.1
2018-09-09,29.0
2018-09-10,29.6
2018-09-11,27.7
2018-09-12,29.1
2018-09-13,30.8
2018-09-14,27.5
2018-09-15,26.0
2018-09-16,26.3
2018-09-17,28.7
2018-09-18,29.0
2018-09-19,29.5
2018-09-20,29.4
2018-09-21,29.5
2018-09-22,29.4
2018-09-23,28.8
2018-09-24,26.5
2018-09-25,25.0
2018-09-26,26.9
2018-09-27,27.6
2018-09-28,27.3
2018-09-29,26.9
2018-09-30,27.1
2018-10-01,27.1
2018-10-02,26.8
2018-10-03,27.2
2018-10-04,27.7
2018-10-05,27.5
2018-10-06,27.7
2018-10-07,21.1
2018-10-08,23.4
2018-10-09,24.4
2018-10-10,24.8
2018-10-11,27.5
2018-10-12,28.4
2018-10-13,22.4
2018-10-14,21.7
2018-10-15,21.5
2018-10-16,22.2
2018-10-17,24.8
2018-10-18,27.7
2018-10-19,26.7
2018-10-20,24.2
2018-10-21,23.9
2018-10-22,27.2
2018-10-23,26.8
2018-10-24,24.8
2018-10-25,24.7
2018-10-26,26.0
2018-10-27,25.6
2018-10-28,24.9
2018-10-29,23.1
2018-10-30,22.7
2018-10-31,22.8
2018-11-01,24.1
2018-11-02,25.4
2018-11-03,26.1
2018-11-04,26.8
2018-11-05,23.6
2018-11-06,22.0
2018-11-07,22.4
2018-11-08,23.8
2018-11-09,24.0
2018-11-10,24.6
2018-11-11,25.6
2018-11-12,26.3
2018-11-13,26.8
2018-11-14,26.2
2018-11-15,26.3
2018-11-16,22.2
2018-11-17,24.3
2018-11-18,25.8
2018-11-19,18.9
2018-11-20,19.6
2018-11-21,20.3
2018-11-22,21.9
2018-11-23,22.1
2018-11-24,21.0
2018-11-25,21.0
2018-11-26,21.7
2018-11-27,24.0
2018-11-28,24.3
2018-11-29,25.7
2018-11-30,25.8
2018-12-01,26.0
2018-12-02,25.6
2018-12-03,25.8
2018-12-04,23.3
2018-12-05,15.8
2018-12-06,14.1
2018-12-07,16.8
2018-12-08,14.6
2018-12-09,12.0
2018-12-10,13.4
2018-12-11,15.6
2018-12-12,16.3
2018-12-13,16.8
2018-12-14,17.9
2018-12-15,17.9
2018-12-16,20.5
2018-12-17,22.7
2018-12-18,24.2
2018-12-19,24.4
2018-12-20,23.3
2018-12-21,21.4
2018-12-22,22.2
2018-12-23,23.2
2018-12-24,22.4
2018-12-25,16.1
2018-12-26,12.6
2018-12-27,9.8
2018-12-28,11.3
2018-12-29,11.8
2018-12-30,14.1
2018-12-31,15.3
2019-01-01,16.3
2019-01-02,19.0
2019-01-03,18.3
2019-01-04,18.5
2019-01-05,17.0
2019-01-06,13.6
2019-01-07,15.0
2019-01-08,17.7
2019-01-09,19.9
2019-01-10,20.6
2019-01-11,21.2
2019-01-12,19.2
2019-01-13,13.5
2019-01-14,14.3
2019-01-15,15.5
2019-01-16,17.9
2019-01-17,18.6
2019-01-18,15.8
2019-01-19,15.6
2019-01-20,16.4
2019-01-21,17.7
2019-01-22,18.2
2019-01-23,18.9
2019-01-24,18.0
2019-01-25,20.0
2019-01-26,21.0
2019-01-27,22.5
2019-01-28,22.5
2019-01-29,21.2
2019-01-30,21.1
2019-01-31,22.1
2019-02-01,23.1
2019-02-02,23.6
2019-02-03,24.7
2019-02-04,25.1
2019-02-05,25.3
2019-02-06,25.0
2019-02-07,25.1
2019-02-08,20.8
2019-02-09,19.3
2019-02-10,21.9
2019-02-11,23.0
2019-02-12,23.3
2019-02-13,23.4
2019-02-14,22.5
2019-02-15,23.3
2019-02-16,24.6
2019-02-17,25.7
2019-02-18,26.2
2019-02-19,18.4
2019-02-20,16.3
2019-02-21,15.8
2019-02-22,15.9
2019-02-23,17.1
2019-02-24,20.3
2019-02-25,23.0
2019-02-26,23.8
2019-02-27,24.7
2019-02-28,25.3
2019-03-01,22.6
2019-03-02,25.7
2019-03-03,22.9
2019-03-04,18.1
2019-03-05,17.4
2019-03-06,19.1
2019-03-07,19.6
2019-03-08,21.7
2019-03-09,22.0
2019-03-10,23.0
2019-03-11,24.8
2019-03-12,20.8
2019-03-13,17.6
2019-03-14,17.9
2019-03-15,18.3
2019-03-16,21.0
2019-03-17,24.0
2019-03-18,26.6
2019-03-19,27.0
2019-03-20,23.0
2019-03-21,17.8
2019-03-22,18.7
2019-03-23,20.0
2019-03-24,22.6
2019-03-25,24.7
2019-03-26,25.0
2019-03-27,26.4
2019-03-28,26.9
2019-03-29,22.9
2019-03-30,22.3
2019-03-31,23.9
2019-04-01,23.8
2019-04-02,24.0
2019-04-03,24.0
2019-04-04,27.0
2019-04-05,27.5
2019-04-06,28.3
2019-04-07,27.8
2019-04-08,27.9
2019-04-09,27.4
2019-04-10,28.0
2019-04-11,27.8
2019-04-12,23.9
2019-04-13,23.2
2019-04-14,24.1
2019-04-15,27.9
2019-04-16,29.9
2019-04-17,30.4
2019-04-18,29.2
2019-04-19,29.4
2019-04-20,29.0
2019-04-21,29.7
2019-04-22,28.9
2019-04-23,29.1
2019-04-24,28.7
2019-04-25,27.9
2019-04-26,28.3
2019-04-27,24.6
2019-04-28,24.0
2019-04-29,24.7
2019-04-30,23.7
2019-05-01,23.6
2019-05-02,26.4
2019-05-03,27.7
2019-05-04,25.1
2019-05-05,24.4
2019-05-06,22.8
2019-05-07,23.5
2019-05-08,24.6
2019-05-09,28.1
2019-05-10,28.5
2019-05-11,28.6
2019-05-12,30.2
2019-05-13,31.3
2019-05-14,32.4
2019-05-15,33.2
2019-05-16,33.2
2019-05-17,31.2
2019-05-18,26.9
2019-05-19,26.5
2019-05-20,28.3
2019-05-21,28.7
2019-05-22,30.2
2019-05-23,31.1
2019-05-24,28.2
2019-05-25,28.2
2019-05-26,26.6
2019-05-27,27.1
2019-05-28,25.9
2019-05-29,24.2
2019-05-30,26.8
2019-05-31,28.7
2019-06-01,30.0
2019-06-02,29.5
2019-06-03,29.3
2019-06-04,30.2
2019-06-05,30.8
2019-06-06,32.6
2019-06-07,32.5
2019-06-08,31.3
2019-06-09,33.1
2019-06-10,30.5
2019-06-11,30.2
2019-06-12,32.0
2019-06-13,31.9
2019-06-14,30.2
2019-06-15,27.4
2019-06-16,30.4
2019-06-17,31.8
2019-06-18,33.2
2019-06-19,33.5
2019-06-20,32.4
2019-06-21,27.1
2019-06-22,29.6
2019-06-23,31.6
2019-06-24,32.5
2019-06-25,33.7
2019-06-26,33.8
2019-06-27,28.9
2019-06-28,29.4
2019-06-29,29.8
2019-06-30,31.0
2019-07-01,27.2
2019-07-02,30.8
2019-07-03,32.5
2019-07-04,32.7
2019-07-05,33.5
2019-07-06,31.6
2019-07-07,28.1
2019-07-08,30.1
2019-07-09,32.5
2019-07-10,32.9
2019-07-11,30.1
2019-07-12,29.5
2019-07-13,29.9
2019-07-14,32.0
2019-07-15,31.9
2019-07-16,33.1
2019-07-17,31.5
2019-07-18,30.1
2019-07-19,30.3
2019-07-20,29.8
2019-07-21,29.2
2019-07-22,28.1
2019-07-23,30.0
2019-07-24,31.0
2019-07-25,30.8
2019-07-26,30.7
2019-07-27,28.8
2019-07-28,29.8
2019-07-29,27.2
2019-07-30,27.2
2019-07-31,26.1
2019-08-01,27.3
2019-08-02,27.9
2019-08-03,30.2
2019-08-04,31.6
2019-08-05,30.3
2019-08-06,29.7
2019-08-07,31.4
2019-08-08,32.1
2019-08-09,32.2
2019-08-10,32.9
2019-08-11,32.6
2019-08-12,31.6
2019-08-13,28.6
2019-08-14,28.4
2019-08-15,30.5
2019-08-16,29.8
2019-08-17,27.9
2019-08-18,27.6
2019-08-19,27.7
2019-08-20,27.1
2019-08-21,27.7
2019-08-22,30.2
2019-08-23,29.6
2019-08-24,28.7
2019-08-25,29.2
2019-08-26,30.7
2019-08-27,27.7
2019-08-28,26.8
2019-08-29,27.0
2019-08-30,28.7
2019-08-31,29.5
2019-09-01,29.5
2019-09-02,30.7
2019-09-03,31.1
2019-09-04,31.4
2019-09-05,30.9
2019-09-06,29.6
2019-09-07,26.4
2019-09-08,26.9
2019-09-09,29.1
2019-09-10,29.6
2019-09-11,30.1
2019-09-12,30.1
2019-09-13,29.8
2019-09-14,29.8
2019-09-15,28.1
2019-09-16,26.1
2019-09-17,28.1
2019-09-18,28.5
2019-09-19,28.0
2019-09-20,26.7
2019-09-21,26.7
2019-09-22,27.1
2019-09-23,27.1
2019-09-24,27.5
2019-09-25,27.3
2019-09-26,27.6
2019-09-27,28.1
2019-09-28,28.3
2019-09-29,28.2
2019-09-30,25.7
2019-10-01,25.6
2019-10-02,27.2
2019-10-03,28.3
2019-10-04,27.0
2019-10-05,25.8
2019-10-06,24.8
2019-10-07,27.5
2019-10-08,28.6
2019-10-09,28.2
2019-10-10,27.4
2019-10-11,26.7
2019-10-12,25.5
2019-10-13,26.5
2019-10-14,25.8
2019-10-15,23.9
2019-10-16,25.2
2019-10-17,26.3
2019-10-18,26.9
2019-10-19,27.8
2019-10-20,28.5
2019-10-21,22.8
2019-10-22,23.7
2019-10-23,25.5
2019-10-24,26.2
2019-10-25,22.0
2019-10-26,23.0
2019-10-27,22.4
2019-10-28,22.1
2019-10-29,19.4
2019-10-30,21.7
2019-10-31,23.9
2019-11-01,24.7
2019-11-02,23.4
2019-11-03,23.3
2019-11-04,24.6
2019-11-05,23.6
2019-11-06,22.0
2019-11-07,22.0
2019-11-08,22.5
2019-11-09,23.4
2019-11-10,24.1
2019-11-11,21.2
2019-11-12,22.8
2019-11-13,24.9
2019-11-14,26.2
2019-11-15,25.1
2019-11-16,19.1
2019-11-17,20.6
2019-11-18,20.7
2019-11-19,22.6
2019-11-20,23.6
2019-11-21,24.5
2019-11-22,24.4
2019-11-23,22.2
2019-11-24,24.1
2019-11-25,20.4
2019-11-26,20.4
2019-11-27,21.8
2019-11-28,21.0
2019-11-29,18.6
2019-11-30,17.8
2019-12-01,17.6
2019-12-02,18.7
2019-12-03,17.0
2019-12-04,15.4
2019-12-05,14.9
2019-12-06,15.9
2019-12-07,15.3
2019-12-08,15.7
2019-12-09,16.9
2019-12-10,19.1
2019-12-11,19.7
2019-12-12,22.2
2019-12-13,22.8
2019-12-14,23.1
2019-12-15,24.3
2019-12-16,22.1
2019-12-17,16.6
2019-12-18,15.8
2019-12-19,15.8
2019-12-20,17.9
2019-12-21,21.4
2019-12-22,23.5
2019-12-23,21.3
2019-12-24,16.7
2019-12-25,17.1
2019-12-26,18.9
2019-12-27,19.9
2019-12-28,20.9
2019-12-29,21.1
2019-12-30,21.7
2019-12-31,22.6
2020-01-01,21.4
2020-01-02,21.3
2020-01-03,22.6
2020-01-04,22.2
2020-01-05,23.4
2020-01-06,23.6
2020-01-07,24.0
2020-01-08,21.3
2020-01-09,16.4
2020-01-10,16.6
2020-01-11,19.3
2020-01-12,22.7
2020-01-13,22.8
2020-01-14,16.2
2020-01-15,15.1
2020-01-16,14.9
2020-01-17,14.4
2020-01-18,17.9
2020-01-19,20.7
2020-01-20,23.4
2020-01-21,21.9
2020-01-22,17.7
2020-01-23,15.8
2020-01-24,14.8
2020-01-25,14.8
2020-01-26,14.7
2020-01-27,15.4
2020-01-28,16.5
2020-01-29,16.0
2020-01-30,17.7
2020-01-31,17.6
2020-02-01,14.1
2020-02-02,14.3
2020-02-03,16.9
2020-02-04,18.7
2020-02-05,17.6
2020-02-06,15.1
2020-02-07,16.3
2020-02-08,18.9
2020-02-09,20.4
2020-02-10,21.2
2020-02-11,23.5
2020-02-12,24.9
2020-02-13,18.9
2020-02-14,17.6
2020-02-15,17.8
2020-02-16,18.2
2020-02-17,18.5
2020-02-18,19.2
2020-02-19,19.7
2020-02-20,20.4
2020-02-21,21.8
2020-02-22,22.0
2020-02-23,22.4
2020-02-24,23.9
2020-02-25,23.8
2020-02-26,23.7
2020-02-27,24.0
2020-02-28,23.5
2020-02-29,22.6
2020-03-01,19.1
2020-03-02,16.7
2020-03-03,19.6
2020-03-04,21.6
2020-03-05,24.5
2020-03-06,27.1
2020-03-07,24.3
2020-03-08,22.4
2020-03-09,22.6
2020-03-10,24.8
2020-03-11,22.5
2020-03-12,20.1
2020-03-13,20.3
2020-03-14,21.7
2020-03-15,18.8
2020-03-16,19.5
2020-03-17,21.9
2020-03-18,23.9
2020-03-19,25.3
2020-03-20,24.7
2020-03-21,25.6
2020-03-22,25.7
2020-03-23,26.4
2020-03-24,26.8
2020-03-25,25.9
2020-03-26,24.7
2020-03-27,20.8
2020-03-28,18.5
2020-03-29,19.3
2020-03-30,19.8
2020-03-31,21.1
2020-04-01,19.2
2020-04-02,18.2
2020-04-03,17.4
2020-04-04,19.5
2020-04-05,20.3
2020-04-06,22.6
2020-04-07,23.9
2020-04-08,25.3
2020-04-09,20.3
2020-04-10,16.6
2020-04-11,19.2
2020-04-12,21.6
2020-04-13,23.1
2020-04-14,24.3
2020-04-15,26.4
2020-04-16,26.1
2020-04-17,27.0
2020-04-18,27.0
2020-04-19,24.7
2020-04-20,20.8
2020-04-21,17.6
2020-04-22,18.8
2020-04-23,20.0
2020-04-24,23.0
2020-04-25,25.2
2020-04-26,25.5
2020-04-27,25.5
2020-04-28,24.3
2020-04-29,27.1
2020-04-30,28.0
2020-05-01,29.4
2020-05-02,29.1
2020-05-03,28.6
2020-05-04,28.9
2020-05-05,28.9
2020-05-06,28.4
2020-05-07,30.6
2020-05-08,29.4
2020-05-09,27.5
2020-05-10,27.3
2020-05-11,28.0
2020-05-12,29.1
2020-05-13,28.6
2020-05-14,28.8
2020-05-15,28.7
2020-05-16,29.1
2020-05-17,32.2
2020-05-18,34.0
2020-05-19,31.7
2020-05-20,28.6
2020-05-21,29.3
2020-05-22,31.0
2020-05-23,28.3
2020-05-24,26.3
2020-05-25,28.2
2020-05-26,29.7
2020-05-27,30.7
2020-05-28,31.2
2020-05-29,30.4
2020-05-30,30.5
2020-05-31,31.3
2020-06-01,31.8
2020-06-02,31.5
2020-06-03,31.5
2020-06-04,32.9
2020-06-05,34.0
2020-06-06,32.3
2020-06-07,30.5
2020-06-08,29.0
2020-06-09,29.9
2020-06-10,30.8
2020-06-11,28.5
2020-06-12,27.2
2020-06-13,30.3
2020-06-14,30.8
2020-06-15,31.0
2020-06-16,30.7
2020-06-17,31.5
2020-06-18,32.2
2020-06-19,33.2
2020-06-20,32.7
2020-06-21,33.1
2020-06-22,30.5
2020-06-23,32.3
2020-06-24,32.6
2020-06-25,32.4
2020-06-26,31.8
2020-06-27,31.9
2020-06-28,29.3
2020-06-29,29.9
2020-06-30,30.0
2020-07-01,28.8
2020-07-02,30.7
2020-07-03,31.1
2020-07-04,31.8
2020-07-05,32.6
2020-07-06,33.5
2020-07-07,33.0
2020-07-08,31.2
2020-07-09,30.7
2020-07-10,31.9
2020-07-11,30.8
2020-07-12,32.2
2020-07-13,31.8
2020-07-14,32.5
2020-07-15,33.0
2020-07-16,32.7
2020-07-17,28.9
2020-07-18,29.9
2020-07-19,30.8
2020-07-20,31.0
2020-07-21,31.2
2020-07-22,31.5
2020-07-23,30.0
2020-07-24,28.5
2020-07-25,29.1
2020-07-26,29.8
2020-07-27,31.6
2020-07-28,30.0
2020-07-29,29.3
2020-07-30,26.8
2020-07-31,27.1
2020-08-01,27.5
2020-08-02,27.2
2020-08-03,27.0
2020-08-04,27.3
2020-08-05,29.8
2020-08-06,30.3
2020-08-07,31.2
2020-08-08,29.6
2020-08-09,30.1
2020-08-10,27.6
2020-08-11,26.6
2020-08-12,27.3
2020-08-13,27.1
2020-08-14,26.4
2020-08-15,26.3
2020-08-16,27.5
2020-08-17,28.4
2020-08-18,28.3
2020-08-19,28.5
2020-08-20,30.0
2020-08-21,30.6
2020-08-22,29.5
2020-08-23,31.3
2020-08-24,31.5
2020-08-25,30.9
2020-08-26,31.3
2020-08-27,31.0
2020-08-28,30.5
2020-08-29,30.5
2020-08-30,31.5
2020-08-31,30.8
2020-09-01,31.0
2020-09-02,31.5
2020-09-03,31.1
2020-09-04,26.6
2020-09-05,28.0
2020-09-06,28.4
2020-09-07,29.2
2020-09-08,28.9
2020-09-09,29.3
2020-09-10,28.7
2020-09-11,28.5
2020-09-12,29.6
2020-09-13,29.9
2020-09-14,30.3
2020-09-15,27.4
2020-09-16,24.8
2020-09-17,25.3
2020-09-18,28.2
2020-09-19,27.8
2020-09-20,27.3
2020-09-21,25.8
2020-09-22,28.4
2020-09-23,28.9
2020-09-24,26.1
2020-09-25,26.6
2020-09-26,29.0
2020-09-27,29.9
2020-09-28,27.9
2020-09-29,28.4
2020-09-30,27.2
2020-10-01,28.6
2020-10-02,27.9
2020-10-03,26.1
2020-10-04,25.1
2020-10-05,24.2
2020-10-06,24.1
2020-10-07,23.4
2020-10-08,23.9
2020-10-09,25.3
2020-10-10,27.6
2020-10-11,23.6
2020-10-12,23.3
2020-10-13,24.9
2020-10-14,23.1
2020-10-15,22.2
2020-10-16,21.9
2020-10-17,22.8
2020-10-18,24.0
2020-10-19,23.8
2020-10-20,23.1
2020-10-21,22.3
2020-10-22,21.9
2020-10-23,22.8
2020-10-24,25.2
2020-10-25,26.1
2020-10-26,22.8
2020-10-27,20.8
2020-10-28,22.3
2020-10-29,24.2
2020-10-30,23.7
2020-10-31,22.3
2020-11-01,22.4
2020-11-02,22.8
2020-11-03,23.8
2020-11-04,25.0
2020-11-05,25.0
2020-11-06,23.7
2020-11-07,22.0
2020-11-08,22.7
2020-11-09,23.4
2020-11-10,23.2
2020-11-11,22.7
2020-11-12,19.0
2020-11-13,20.2
2020-11-14,23.3
2020-11-15,25.2
2020-11-16,24.9
2020-11-17,25.5
2020-11-18,25.9
2020-11-19,25.6
2020-11-20,25.9
2020-11-21,24.6
2020-11-22,24.3
2020-11-23,25.1
2020-11-24,23.5
2020-11-25,20.2
2020-11-26,19.4
2020-11-27,19.7
2020-11-28,19.1
2020-11-29,18.6
2020-11-30,19.5
2020-12-01,17.7
2020-12-02,15.7
2020-12-03,16.4
2020-12-04,18.4
2020-12-05,18.4
2020-12-06,18.4
2020-12-07,20.1
2020-12-08,20.6
2020-12-09,22.2
2020-12-10,23.2
2020-12-11,22.0
2020-12-12,14.2
2020-12-13,13.2
2020-12-14,12.9
2020-12-15,13.0
2020-12-16,14.5
2020-12-17,15.3
2020-12-18,16.1
2020-12-19,18.0
2020-12-20,18.5
2020-12-21,19.1
2020-12-22,19.4
2020-12-23,19.1
2020-12-24,19.7
2020-12-25,21.6
2020-12-26,22.8
2020-12-27,18.3
2020-12-28,14.7
2020-12-29,13.4
2020-12-30,13.5
2020-12-31,15.1
2021-01-01,16.9
2021-01-02,17.2
2021-01-03,16.5
2021-01-04,14.5
2021-01-05,11.1
2021-01-06,10.4
2021-01-07,11.0
2021-01-08,12.9
2021-01-09,14.6
2021-01-10,15.3
2021-01-11,15.8
2021-01-12,16.1
2021-01-13,18.1
2021-01-14,15.7
2021-01-15,15.1
2021-01-16,15.2
2021-01-17,16.3
2021-01-18,16.9
2021-01-19,18.8
2021-01-20,18.9
2021-01-21,20.1
2021-01-22,20.5
2021-01-23,21.3
2021-01-24,20.7
2021-01-25,18.4
2021-01-26,18.3
2021-01-27,17.5
2021-01-28,18.3
2021-01-29,20.2
2021-01-30,20.6
2021-01-31,21.1
2021-02-01,20.1
2021-02-02,21.1
2021-02-03,20.3
2021-02-04,21.3
2021-02-05,20.5
2021-02-06,15.9
2021-02-07,17.9
2021-02-08,19.4
2021-02-09,19.3
2021-02-10,19.5
2021-02-11,21.8
2021-02-12,20.2
2021-02-13,20.3
2021-02-14,20.0
2021-02-15,20.2
2021-02-16,20.4
2021-02-17,20.6
2021-02-18,21.4
2021-02-19,22.0
2021-02-20,22.4
2021-02-21,22.6
2021-02-22,23.0
2021-02-23,23.8
2021-02-24,18.9
2021-02-25,17.3
2021-02-26,20.6
2021-02-27,19.9
2021-02-28,18.1
2021-03-01,17.1
2021-03-02,19.2
2021-03-03,23.0
2021-03-04,22.9
2021-03-05,21.6
2021-03-06,23.4
2021-03-07,24.0
2021-03-08,23.8
2021-03-09,24.3
2021-03-10,23.2
2021-03-11,23.3
2021-03-12,23.7
2021-03-13,23.4
2021-03-14,24.3
2021-03-15,24.3
2021-03-16,24.7
2021-03-17,24.2
2021-03-18,20.9
2021-03-19,18.3
2021-03-20,19.2
2021-03-21,19.8
2021-03-22,20.1
2021-03-23,22.9
2021-03-24,23.2
2021-03-25,23.5
2021-03-26,25.3
2021-03-27,25.2
2021-03-28,26.0
2021-03-29,26.2
2021-03-30,25.5
2021-03-31,25.3
2021-04-01,25.6
2021-04-02,22.8
2021-04-03,25.0
2021-04-04,25.8
2021-04-05,26.2
2021-04-06,20.8
2021-04-07,19.5
2021-04-08,24.3
2021-04-09,26.4
2021-04-10,25.8
2021-04-11,26.8
2021-04-12,25.9
2021-04-13,27.1
2021-04-14,23.0
2021-04-15,22.4
2021-04-16,26.1
2021-04-17,28.2
2021-04-18,28.7
2021-04-19,28.4
2021-04-20,27.8
2021-04-21,28.2
2021-04-22,26.9
2021-04-23,23.8
2021-04-24,24.2
2021-04-25,23.2
2021-04-26,24.1
2021-04-27,25.3
2021-04-28,25.5
2021-04-29,27.6
2021-04-30,29.1
2021-05-01,29.3
2021-05-02,24.7
2021-05-03,26.8
2021-05-04,28.0
2021-05-05,27.9
2021-05-06,29.0
2021-05-07,30.1
2021-05-08,29.3
2021-05-09,29.3
2021-05-10,27.4
2021-05-11,29.2
2021-05-12,30.0
2021-05-13,30.4
2021-05-14,29.9
2021-05-15,30.1
2021-05-16,30.7
2021-05-17,31.0
2021-05-18,30.1
2021-05-19,31.3
2021-05-20,30.9
2021-05-21,27.4
2021-05-22,25.8
2021-05-23,28.9
2021-05-24,29.9
2021-05-25,30.3
2021-05-26,31.2
2021-05-27,32.4
2021-05-28,33.7
2021-05-29,34.5
2021-05-30,33.5
2021-05-31,34.2
2021-06-01,27.7
2021-06-02,28.5
2021-06-03,29.6
2021-06-04,28.7
2021-06-05,28.0
2021-06-06,28.3
2021-06-07,28.6
2021-06-08,29.4
2021-06-09,28.8
2021-06-10,27.7
2021-06-11,29.7
2021-06-12,30.8
2021-06-13,32.3
2021-06-14,32.9
2021-06-15,33.5
2021-06-16,34.5
2021-06-17,35.2
2021-06-18,34.3
2021-06-19,32.3
2021-06-20,29.8
2021-06-21,28.1
2021-06-22,28.2
2021-06-23,28.9
2021-06-24,32.0
2021-06-25,33.6
2021-06-26,32.5
2021-06-27,32.0
2021-06-28,32.8
2021-06-29,33.6
2021-06-30,32.9
2021-07-01,32.7
2021-07-02,30.2
2021-07-03,31.3
2021-07-04,29.6
2021-07-05,27.2
2021-07-06,29.0
2021-07-07,29.1
2021-07-08,30.4
2021-07-09,30.8
2021-07-10,30.9
2021-07-11,31.3
2021-07-12,31.2
2021-07-13,31.3
2021-07-14,31.3
2021-07-15,27.9
2021-07-16,28.8
2021-07-17,29.3
2021-07-18,29.1
2021-07-19,28.2
2021-07-20,26.7
2021-07-21,30.0
2021-07-22,30.1
2021-07-23,30.2
2021-07-24,31.5
2021-07-25,31.0
2021-07-26,30.2
2021-07-27,31.2
2021-07-28,31.9
2021-07-29,28.0
2021-07-30,30.9
2021-07-31,31.5
2021-08-01,32.8
2021-08-02,33.0
2021-08-03,33.9
2021-08-04,34.2
2021-08-05,30.6
2021-08-06,30.1
2021-08-07,27.4
2021-08-08,27.3
2021-08-09,27.3
2021-08-10,29.8
2021-08-11,30.0
2021-08-12,28.3
2021-08-13,30.2
2021-08-14,30.4
2021-08-15,29.2
2021-08-16,29.6
2021-08-17,30.5
2021-08-18,31.3
2021-08-19,31.1
2021-08-20,28.9
2021-08-21,30.4
2021-08-22,29.9
2021-08-23,28.8
2021-08-24,27.8
2021-08-25,27.7
2021-08-26,28.4
2021-08-27,28.8
2021-08-28,29.5
2021-08-29,29.8
2021-08-30,28.6
2021-08-31,29.7
2021-09-01,29.9
2021-09-02,28.3
2021-09-03,29.2
2021-09-04,27.2
2021-09-05,27.3
2021-09-06,27.6
2021-09-07,29.2
2021-09-08,30.3
2021-09-09,31.2
2021-09-10,28.9
2021-09-11,26.2
2021-09-12,26.5
2021-09-13,27.8
2021-09-14,27.7
2021-09-15,28.9
2021-09-16,30.0
2021-09-17,28.5
2021-09-18,29.1
2021-09-19,27.9
2021-09-20,27.9
2021-09-21,26.3
2021-09-22,26.0
2021-09-23,26.2
2021-09-24,27.4
2021-09-25,29.0
2021-09-26,29.3
2021-09-27,29.8
2021-09-28,29.7
2021-09-29,26.6
2021-09-30,28.3
2021-10-01,27.4
2021-10-02,28.8
2021-10-03,29.3
2021-10-04,29.6
2021-10-05,30.2
2021-10-06,26.5
2021-10-07,23.9
2021-10-08,23.5
2021-10-09,25.1
2021-10-10,24.3
2021-10-11,22.8
2021-10-12,21.4
2021-10-13,21.4
2021-10-14,21.2
2021-10-15,19.2
2021-10-16,22.0
2021-10-17,26.2
2021-10-18,22.7
2021-10-19,20.1
2021-10-20,21.0
2021-10-21,21.6
2021-10-22,22.3
2021-10-23,23.1
2021-10-24,24.8
2021-10-25,22.7
2021-10-26,21.6
2021-10-27,20.1
2021-10-28,20.7
2021-10-29,21.2
2021-10-30,21.8
2021-10-31,23.4
2021-11-01,26.3
2021-11-02,26.5
2021-11-03,26.4
2021-11-04,26.8
2021-11-05,20.1
2021-11-06,20.1
2021-11-07,20.7
2021-11-08,20.8
2021-11-09,21.9
2021-11-10,21.2
2021-11-11,21.2
2021-11-12,22.1
2021-11-13,21.3
2021-11-14,21.0
2021-11-15,20.1
2021-11-16,20.1
2021-11-17,23.2
2021-11-18,26.2
2021-11-19,20.8
2021-11-20,18.2
2021-11-21,18.6
2021-11-22,18.1
2021-11-23,19.6
2021-11-24,21.2
2021-11-25,20.4
2021-11-26,21.7
2021-11-27,22.0
2021-11-28,19.8
2021-11-29,17.3
2021-11-30,17.1
2021-12-01,17.5
2021-12-02,17.8
2021-12-03,18.0
2021-12-04,17.7
2021-12-05,18.7
2021-12-06,19.7
2021-12-07,20.8
2021-12-08,21.4
2021-12-09,20.9
2021-12-10,18.4
2021-12-11,18.2
2021-12-12,18.9
2021-12-13,21.3
2021-12-14,21.9
2021-12-15,19.3
2021-12-16,18.2
2021-12-17,19.3
2021-12-18,18.9
2021-12-19,19.1
2021-12-20,19.6
2021-12-21,20.1
2021-12-22,20.9
2021-12-23,18.2
2021-12-24,13.3
2021-12-25,13.9
2021-12-26,15.2
2021-12-27,16.0
2021-12-28,15.1
2021-12-29,16.2
2021-12-30,17.4
2021-12-31,16.7
2022-01-01,20.2
2022-01-02,20.4
2022-01-03,21.4
2022-01-04,21.0
2022-01-05,19.9
2022-01-06,14.9
2022-01-07,14.6
2022-01-08,17.4
2022-01-09,17.0
2022-01-10,16.0
2022-01-11,16.5
2022-01-12,18.1
2022-01-13,19.5
2022-01-14,14.7
2022-01-15,17.6
2022-01-16,17.3
2022-01-17,16.5
2022-01-18,16.3
2022-01-19,18.4
2022-01-20,20.6
2022-01-21,22.6
2022-01-22,20.7
2022-01-23,20.7
2022-01-24,22.2
2022-01-25,22.5
2022-01-26,16.9
2022-01-27,13.1
2022-01-28,12.5
2022-01-29,13.0
2022-01-30,12.5
2022-01-31,14.0
2022-02-01,15.5
2022-02-02,15.1
2022-02-03,12.8
2022-02-04,16.5
2022-02-05,16.0
2022-02-06,13.5
2022-02-07,13.4
2022-02-08,15.9
2022-02-09,15.4
2022-02-10,14.1
2022-02-11,16.3
2022-02-12,16.6
2022-02-13,16.3
2022-02-14,18.5
2022-02-15,20.7
2022-02-16,13.2
2022-02-17,9.0
2022-02-18,11.0
2022-02-19,11.6
2022-02-20,13.6
2022-02-21,14.5
2022-02-22,15.2
2022-02-23,17.0
2022-02-24,18.8
2022-02-25,19.9
2022-02-26,20.7
2022-02-27,22.2
2022-02-28,22.1
2022-03-01,21.3
2022-03-02,21.3
2022-03-03,22.2
2022-03-04,21.5
2022-03-05,20.5
2022-03-06,19.6
2022-03-07,20.6
2022-03-08,22.0
2022-03-09,22.7
2022-03-10,22.8
2022-03-11,23.3
2022-03-12,24.7
2022-03-13,23.5
2022-03-14,23.6
2022-03-15,24.9
2022-03-16,24.1
2022-03-17,25.4
2022-03-18,25.6
2022-03-19,26.5
2022-03-20,19.9
2022-03-21,18.7
2022-03-22,22.4
2022-03-23,26.4
2022-03-24,23.1
2022-03-25,19.9
2022-03-26,20.2
2022-03-27,21.9
2022-03-28,24.4
2022-03-29,18.5
2022-03-30,19.5
2022-03-31,20.4
2022-04-01,21.4
2022-04-02,22.0
2022-04-03,23.8
2022-04-04,26.1
2022-04-05,25.1
2022-04-06,24.3
2022-04-07,24.4
2022-04-08,23.2
2022-04-09,25.0
2022-04-10,27.0
2022-04-11,26.8
2022-04-12,26.1
2022-04-13,23.9
2022-04-14,18.2
2022-04-15,19.2
2022-04-16,22.2
2022-04-17,22.1
2022-04-18,22.0
2022-04-19,25.3
2022-04-20,27.0
2022-04-21,26.8
2022-04-22,27.7
2022-04-23,28.1
2022-04-24,28.1
2022-04-25,27.2
2022-04-26,26.8
2022-04-27,28.6
2022-04-28,23.5
2022-04-29,23.9
2022-04-30,24.9
2022-05-01,25.0
2022-05-02,25.7
2022-05-03,26.1
2022-05-04,26.8
2022-05-05,26.2
2022-05-06,27.1
2022-05-07,28.6
2022-05-08,29.0
2022-05-09,26.9
2022-05-10,26.9
2022-05-11,24.5
2022-05-12,24.9
2022-05-13,23.9
2022-05-14,24.7
2022-05-15,25.5
2022-05-16,25.9
2022-05-17,26.9
2022-05-18,25.6
2022-05-19,24.3
2022-05-20,24.6
2022-05-21,24.0
2022-05-22,27.2
2022-05-23,28.8
2022-05-24,27.9
2022-05-25,28.8
2022-05-26,28.4
2022-05-27,28.2
2022-05-28,27.3
2022-05-29,28.8
2022-05-30,29.9
2022-05-31,30.9
2022-06-01,32.3
2022-06-02,31.0
2022-06-03,28.2
2022-06-04,28.2
2022-06-05,27.8
2022-06-06,29.0
2022-06-07,30.0
2022-06-08,28.2
2022-06-09,30.9
2022-06-10,30.9
2022-06-11,27.5
2022-06-12,28.3
2022-06-13,30.0
2022-06-14,31.4
2022-06-15,32.4
2022-06-16,33.7
2022-06-17,33.6
2022-06-18,33.3
2022-06-19,31.7
2022-06-20,28.0
2022-06-21,30.3
2022-06-22,30.7
2022-06-23,30.3
2022-06-24,32.0
2022-06-25,32.3
2022-06-26,30.6
2022-06-27,28.3
2022-06-28,28.9
2022-06-29,30.6
2022-06-30,31.2
2022-07-01,32.6
2022-07-02,30.4
2022-07-03,28.1
2022-07-04,27.6
2022-07-05,27.5
